Destination Port, Flow Duration, Total Fwd Packets, Total Backward Packets,Total Length of Fwd Packets, Total Length of Bwd Packets, Fwd Packet Length Max, Fwd Packet Length Min, Fwd Packet Length Mean, Fwd Packet Length Std,Bwd Packet Length Max, Bwd Packet Length Min, Bwd Packet Length Mean, Bwd Packet Length Std,Flow Bytes/s, Flow Packets/s, Flow IAT Mean, Flow IAT Std, Flow IAT Max, Flow IAT Min,Fwd IAT Total, Fwd IAT Mean, Fwd IAT Std, Fwd IAT Max, Fwd IAT Min,Bwd IAT Total, Bwd IAT Mean, Bwd IAT Std, Bwd IAT Max, Bwd IAT Min,Fwd PSH Flags, Bwd PSH Flags, Fwd URG Flags, Bwd URG Flags, Fwd Header Length, Bwd Header Length,Fwd Packets/s, Bwd Packets/s, Min Packet Length, Max Packet Length, Packet Length Mean, Packet Length Std, Packet Length Variance,FIN Flag Count, SYN Flag Count, RST Flag Count, PSH Flag Count, ACK Flag Count, URG Flag Count, CWE Flag Count, ECE Flag Count, Down/Up Ratio, Average Packet Size, Avg Fwd Segment Size, Avg Bwd Segment Size, Fwd Header Length,Fwd Avg Bytes/Bulk, Fwd Avg Packets/Bulk, Fwd Avg Bulk Rate, Bwd Avg Bytes/Bulk, Bwd Avg Packets/Bulk,Bwd Avg Bulk Rate,Subflow Fwd Packets, Subflow Fwd Bytes, Subflow Bwd Packets, Subflow Bwd Bytes,Init_Win_bytes_forward, Init_Win_bytes_backward, act_data_pkt_fwd, min_seg_size_forward,Active Mean, Active Std, Active Max, Active Min,Idle Mean, Idle Std, Idle Max, Idle Min, Label
54865,3,2,0,12,0,6,6,6,0,0,0,0,0,4000000,666666.6667,3,0,3,3,3,3,0,3,3,0,0,0,0,0,0,0,0,0,40,0,666666.6667,0,6,6,6,0,0,0,0,0,0,1,0,0,0,0,9,6,0,40,0,0,0,0,0,0,2,12,0,0,33,-1,1,20,0,0,0,0,0,0,0,0,BENIGN
55054,109,1,1,6,6,6,6,6,0,6,6,6,0,110091.7431,18348.62385,109,0,109,109,0,0,0,0,0,0,0,0,0,0,0,0,0,0,20,20,9174.311927,9174.311927,6,6,6,0,0,0,0,0,0,1,1,0,0,1,9,6,6,20,0,0,0,0,0,0,1,6,1,6,29,256,0,20,0,0,0,0,0,0,0,0,BENIGN
55055,52,1,1,6,6,6,6,6,0,6,6,6,0,230769.2308,38461.53846,52,0,52,52,0,0,0,0,0,0,0,0,0,0,0,0,0,0,20,20,19230.76923,19230.76923,6,6,6,0,0,0,0,0,0,1,1,0,0,1,9,6,6,20,0,0,0,0,0,0,1,6,1,6,29,256,0,20,0,0,0,0,0,0,0,0,BENIGN
46236,34,1,1,6,6,6,6,6,0,6,6,6,0,352941.1765,58823.52941,34,0,34,34,0,0,0,0,0,0,0,0,0,0,0,0,0,0,20,20,29411.76471,29411.76471,6,6,6,0,0,0,0,0,0,1,1,0,0,1,9,6,6,20,0,0,0,0,0,0,1,6,1,6,31,329,0,20,0,0,0,0,0,0,0,0,BENIGN
54863,3,2,0,12,0,6,6,6,0,0,0,0,0,4000000,666666.6667,3,0,3,3,3,3,0,3,3,0,0,0,0,0,0,0,0,0,40,0,666666.6667,0,6,6,6,0,0,0,0,0,0,1,0,0,0,0,9,6,0,40,0,0,0,0,0,0,2,12,0,0,32,-1,1,20,0,0,0,0,0,0,0,0,BENIGN
54871,1022,2,0,12,0,6,6,6,0,0,0,0,0,11741.68297,1956.947162,1022,0,1022,1022,1022,1022,0,1022,1022,0,0,0,0,0,0,0,0,0,40,0,1956.947162,0,6,6,6,0,0,0,0,0,0,1,0,0,0,0,9,6,0,40,0,0,0,0,0,0,2,12,0,0,32,-1,1,20,0,0,0,0,0,0,0,0,BENIGN
54925,4,2,0,12,0,6,6,6,0,0,0,0,0,3000000,500000,4,0,4,4,4,4,0,4,4,0,0,0,0,0,0,0,0,0,40,0,500000,0,6,6,6,0,0,0,0,0,0,1,0,0,0,0,9,6,0,40,0,0,0,0,0,0,2,12,0,0,32,-1,1,20,0,0,0,0,0,0,0,0,BENIGN
54925,42,1,1,6,6,6,6,6,0,6,6,6,0,285714.2857,47619.04762,42,0,42,42,0,0,0,0,0,0,0,0,0,0,0,0,0,0,20,20,23809.52381,23809.52381,6,6,6,0,0,0,0,0,0,1,0,0,0,1,9,6,6,20,0,0,0,0,0,0,1,6,1,6,32,256,0,20,0,0,0,0,0,0,0,0,BENIGN
9282,4,2,0,12,0,6,6,6,0,0,0,0,0,3000000,500000,4,0,4,4,4,4,0,4,4,0,0,0,0,0,0,0,0,0,40,0,500000,0,6,6,6,0,0,0,0,0,0,1,0,0,0,0,9,6,0,40,0,0,0,0,0,0,2,12,0,0,32,-1,1,20,0,0,0,0,0,0,0,0,BENIGN
55153,4,2,0,37,0,31,6,18.5,17.67766953,0,0,0,0,9250000,500000,4,0,4,4,4,4,0,4,4,0,0,0,0,0,1,0,0,0,40,0,500000,0,6,31,22.66666667,14.43375673,208.3333333,0,1,0,0,1,0,0,0,0,34,18.5,0,40,0,0,0,0,0,0,2,37,0,0,946,-1,1,20,0,0,0,0,0,0,0,0,BENIGN
55143,3,2,0,37,0,31,6,18.5,17.67766953,0,0,0,0,12300000,666666.6667,3,0,3,3,3,3,0,3,3,0,0,0,0,0,1,0,0,0,40,0,666666.6667,0,6,31,22.66666667,14.43375673,208.3333333,0,1,0,0,1,0,0,0,0,34,18.5,0,40,0,0,0,0,0,0,2,37,0,0,980,-1,1,20,0,0,0,0,0,0,0,0,BENIGN
55144,1,2,0,37,0,31,6,18.5,17.67766953,0,0,0,0,37000000,2000000,1,0,1,1,1,1,0,1,1,0,0,0,0,0,1,0,0,0,40,0,2000000,0,6,31,22.66666667,14.43375673,208.3333333,0,1,0,0,1,0,0,0,0,34,18.5,0,40,0,0,0,0,0,0,2,37,0,0,980,-1,1,20,0,0,0,0,0,0,0,0,BENIGN
55145,4,2,0,37,0,31,6,18.5,17.67766953,0,0,0,0,9250000,500000,4,0,4,4,4,4,0,4,4,0,0,0,0,0,1,0,0,0,40,0,500000,0,6,31,22.66666667,14.43375673,208.3333333,0,1,0,0,1,0,0,0,0,34,18.5,0,40,0,0,0,0,0,0,2,37,0,0,980,-1,1,20,0,0,0,0,0,0,0,0,BENIGN
55254,3,3,0,43,0,31,6,14.33333333,14.43375673,0,0,0,0,14300000,1000000,1.5,0.707106781,2,1,3,1.5,0.707106781,2,1,0,0,0,0,0,0,0,0,0,60,0,1000000,0,6,31,12.25,12.5,156.25,0,0,0,0,1,0,0,0,0,16.33333333,14.33333333,0,60,0,0,0,0,0,0,3,43,0,0,946,-1,2,20,0,0,0,0,0,0,0,0,BENIGN
36206,54,1,1,0,0,0,0,0,0,0,0,0,0,0,37037.03704,54,0,54,54,0,0,0,0,0,0,0,0,0,0,0,0,0,0,32,32,18518.51852,18518.51852,0,0,0,0,0,0,0,0,0,1,1,0,0,1,0,0,0,32,0,0,0,0,0,0,1,0,1,0,939,1269,0,32,0,0,0,0,0,0,0,0,BENIGN
53524,1,2,0,0,0,0,0,0,0,0,0,0,0,0,2000000,1,0,1,1,1,1,0,1,1,0,0,0,0,0,0,0,0,0,64,0,2000000,0,0,0,0,0,0,0,0,0,0,1,0,0,0,0,0,0,0,64,0,0,0,0,0,0,2,0,0,0,130,-1,0,32,0,0,0,0,0,0,0,0,BENIGN
53524,154,1,1,0,0,0,0,0,0,0,0,0,0,0,12987.01299,154,0,154,154,0,0,0,0,0,0,0,0,0,0,0,0,0,0,32,32,6493.506494,6493.506494,0,0,0,0,0,0,0,0,0,1,0,0,0,1,0,0,0,32,0,0,0,0,0,0,1,0,1,0,130,65535,0,32,0,0,0,0,0,0,0,0,BENIGN
53526,1,2,0,0,0,0,0,0,0,0,0,0,0,0,2000000,1,0,1,1,1,1,0,1,1,0,0,0,0,0,0,0,0,0,64,0,2000000,0,0,0,0,0,0,0,0,0,0,1,0,0,0,0,0,0,0,64,0,0,0,0,0,0,2,0,0,0,130,-1,0,32,0,0,0,0,0,0,0,0,BENIGN
53526,118,1,1,0,0,0,0,0,0,0,0,0,0,0,16949.15254,118,0,118,118,0,0,0,0,0,0,0,0,0,0,0,0,0,0,32,32,8474.576271,8474.576271,0,0,0,0,0,0,0,0,0,1,0,0,0,1,0,0,0,32,0,0,0,0,0,0,1,0,1,0,130,65535,0,32,0,0,0,0,0,0,0,0,BENIGN
53527,239,1,1,0,0,0,0,0,0,0,0,0,0,0,8368.200837,239,0,239,239,0,0,0,0,0,0,0,0,0,0,0,0,0,0,32,32,4184.100418,4184.100418,0,0,0,0,0,0,0,0,0,1,0,0,0,1,0,0,0,32,0,0,0,0,0,0,1,0,1,0,130,65535,0,32,0,0,0,0,0,0,0,0,BENIGN
53528,1,3,0,0,0,0,0,0,0,0,0,0,0,0,3000000,0.5,0.707106781,1,0,1,0.5,0.707106781,1,0,0,0,0,0,0,0,0,0,0,96,0,3000000,0,0,0,0,0,0,0,0,0,0,1,0,0,0,0,0,0,0,96,0,0,0,0,0,0,3,0,0,0,130,-1,0,32,0,0,0,0,0,0,0,0,BENIGN
53527,1,2,0,0,0,0,0,0,0,0,0,0,0,0,2000000,1,0,1,1,1,1,0,1,1,0,0,0,0,0,0,0,0,0,64,0,2000000,0,0,0,0,0,0,0,0,0,0,1,0,0,0,0,0,0,0,64,0,0,0,0,0,0,2,0,0,0,130,-1,0,32,0,0,0,0,0,0,0,0,BENIGN
55035,4,2,0,248,0,217,31,124,131.5218613,0,0,0,0,62000000,500000,4,0,4,4,4,4,0,4,4,0,0,0,0,0,1,0,0,0,40,0,500000,0,31,217,155,107.3871501,11532,0,1,0,0,1,0,0,0,0,232.5,124,0,40,0,0,0,0,0,0,2,248,0,0,237,-1,1,20,0,0,0,0,0,0,0,0,BENIGN
55275,5,3,0,254,0,217,6,84.66666667,115.283708,0,0,0,0,50800000,600000,2.5,2.121320344,4,1,5,2.5,2.121320344,4,1,0,0,0,0,0,1,0,0,0,60,0,600000,0,6,217,117.75,115.0575943,13238.25,0,1,0,0,1,0,0,0,0,157,84.66666667,0,60,0,0,0,0,0,0,3,254,0,0,123,-1,2,20,0,0,0,0,0,0,0,0,BENIGN
55277,4,2,0,12,0,6,6,6,0,0,0,0,0,3000000,500000,4,0,4,4,4,4,0,4,4,0,0,0,0,0,0,0,0,0,40,0,500000,0,6,6,6,0,0,0,0,0,0,1,0,0,0,0,9,6,0,40,0,0,0,0,0,0,2,12,0,0,35095,-1,1,20,0,0,0,0,0,0,0,0,BENIGN
8850,4,3,0,43,0,31,6,14.33333333,14.43375673,0,0,0,0,10800000,750000,2,1.414213562,3,1,4,2,1.414213562,3,1,0,0,0,0,0,0,0,0,0,60,0,750000,0,6,31,12.25,12.5,156.25,0,0,0,0,1,0,0,0,0,16.33333333,14.33333333,0,60,0,0,0,0,0,0,3,43,0,0,65,-1,2,20,0,0,0,0,0,0,0,0,BENIGN
43248,54,1,1,0,0,0,0,0,0,0,0,0,0,0,37037.03704,54,0,54,54,0,0,0,0,0,0,0,0,0,0,0,0,0,0,32,32,18518.51852,18518.51852,0,0,0,0,0,0,0,0,0,1,1,0,0,1,0,0,0,32,0,0,0,0,0,0,1,0,1,0,59,439,0,32,0,0,0,0,0,0,0,0,BENIGN
8678,42,3,0,43,0,31,6,14.33333333,14.43375673,0,0,0,0,1023809.524,71428.57143,21,25.45584412,39,3,42,21,25.45584412,39,3,0,0,0,0,0,0,0,0,0,60,0,71428.57143,0,6,31,12.25,12.5,156.25,0,0,0,0,1,0,0,0,0,16.33333333,14.33333333,0,60,0,0,0,0,0,0,3,43,0,0,64,-1,2,20,0,0,0,0,0,0,0,0,BENIGN
55063,4,2,0,37,0,31,6,18.5,17.67766953,0,0,0,0,9250000,500000,4,0,4,4,4,4,0,4,4,0,0,0,0,0,1,0,0,0,40,0,500000,0,6,31,22.66666667,14.43375673,208.3333333,0,1,0,0,1,0,0,0,0,34,18.5,0,40,0,0,0,0,0,0,2,37,0,0,60,-1,1,20,0,0,0,0,0,0,0,0,BENIGN
55203,3,2,0,37,0,31,6,18.5,17.67766953,0,0,0,0,12300000,666666.6667,3,0,3,3,3,3,0,3,3,0,0,0,0,0,1,0,0,0,40,0,666666.6667,0,6,31,22.66666667,14.43375673,208.3333333,0,1,0,0,1,0,0,0,0,34,18.5,0,40,0,0,0,0,0,0,2,37,0,0,60,-1,1,20,0,0,0,0,0,0,0,0,BENIGN
55140,3,2,0,37,0,31,6,18.5,17.67766953,0,0,0,0,12300000,666666.6667,3,0,3,3,3,3,0,3,3,0,0,0,0,0,1,0,0,0,40,0,666666.6667,0,6,31,22.66666667,14.43375673,208.3333333,0,1,0,0,1,0,0,0,0,34,18.5,0,40,0,0,0,0,0,0,2,37,0,0,62,-1,1,20,0,0,0,0,0,0,0,0,BENIGN
55180,737,2,1,37,6,31,6,18.5,17.67766953,6,6,6,0,58344.64043,4070.556309,368.5,310.4198769,588,149,737,737,0,737,737,0,0,0,0,0,1,0,0,0,40,20,2713.704206,1356.852103,6,31,18.5,14.43375673,208.3333333,0,1,0,0,1,0,0,0,0,24.66666667,18.5,6,40,0,0,0,0,0,0,2,37,1,6,62,0,1,20,0,0,0,0,0,0,0,0,BENIGN
55156,3,2,0,37,0,31,6,18.5,17.67766953,0,0,0,0,12300000,666666.6667,3,0,3,3,3,3,0,3,3,0,0,0,0,0,1,0,0,0,40,0,666666.6667,0,6,31,22.66666667,14.43375673,208.3333333,0,1,0,0,1,0,0,0,0,34,18.5,0,40,0,0,0,0,0,0,2,37,0,0,62,-1,1,20,0,0,0,0,0,0,0,0,BENIGN
55096,3,2,0,37,0,31,6,18.5,17.67766953,0,0,0,0,12300000,666666.6667,3,0,3,3,3,3,0,3,3,0,0,0,0,0,1,0,0,0,40,0,666666.6667,0,6,31,22.66666667,14.43375673,208.3333333,0,1,0,0,1,0,0,0,0,34,18.5,0,40,0,0,0,0,0,0,2,37,0,0,60,-1,1,20,0,0,0,0,0,0,0,0,BENIGN
55085,3,2,0,37,0,31,6,18.5,17.67766953,0,0,0,0,12300000,666666.6667,3,0,3,3,3,3,0,3,3,0,0,0,0,0,1,0,0,0,40,0,666666.6667,0,6,31,22.66666667,14.43375673,208.3333333,0,1,0,0,1,0,0,0,0,34,18.5,0,40,0,0,0,0,0,0,2,37,0,0,62,-1,1,20,0,0,0,0,0,0,0,0,BENIGN
8689,276,3,0,43,0,31,6,14.33333333,14.43375673,0,0,0,0,155797.1014,10869.56522,138,192.3330445,274,2,276,138,192.3330445,274,2,0,0,0,0,0,0,0,0,0,60,0,10869.56522,0,6,31,12.25,12.5,156.25,0,0,0,0,1,0,0,0,0,16.33333333,14.33333333,0,60,0,0,0,0,0,0,3,43,0,0,62,-1,2,20,0,0,0,0,0,0,0,0,BENIGN
8817,3,2,0,12,0,6,6,6,0,0,0,0,0,4000000,666666.6667,3,0,3,3,3,3,0,3,3,0,0,0,0,0,0,0,0,0,40,0,666666.6667,0,6,6,6,0,0,0,0,0,0,1,0,0,0,0,9,6,0,40,0,0,0,0,0,0,2,12,0,0,40905,-1,1,20,0,0,0,0,0,0,0,0,BENIGN
8816,3,2,0,12,0,6,6,6,0,0,0,0,0,4000000,666666.6667,3,0,3,3,3,3,0,3,3,0,0,0,0,0,0,0,0,0,40,0,666666.6667,0,6,6,6,0,0,0,0,0,0,1,0,0,0,0,9,6,0,40,0,0,0,0,0,0,2,12,0,0,40905,-1,1,20,0,0,0,0,0,0,0,0,BENIGN
8886,1,2,0,12,0,6,6,6,0,0,0,0,0,12000000,2000000,1,0,1,1,1,1,0,1,1,0,0,0,0,0,0,0,0,0,40,0,2000000,0,6,6,6,0,0,0,0,0,0,1,0,0,0,0,9,6,0,40,0,0,0,0,0,0,2,12,0,0,5114,-1,1,20,0,0,0,0,0,0,0,0,BENIGN
60350,105,1,1,6,6,6,6,6,0,6,6,6,0,114285.7143,19047.61905,105,0,105,105,0,0,0,0,0,0,0,0,0,0,0,0,0,0,20,20,9523.809524,9523.809524,6,6,6,0,0,0,0,0,0,1,1,0,0,1,9,6,6,20,0,0,0,0,0,0,1,6,1,6,1024,274,0,20,0,0,0,0,0,0,0,0,BENIGN
60346,66,1,1,6,6,6,6,6,0,6,6,6,0,181818.1818,30303.0303,66,0,66,66,0,0,0,0,0,0,0,0,0,0,0,0,0,0,20,20,15151.51515,15151.51515,6,6,6,0,0,0,0,0,0,1,1,0,0,1,9,6,6,20,0,0,0,0,0,0,1,6,1,6,1024,274,0,20,0,0,0,0,0,0,0,0,BENIGN
60352,68,1,1,6,6,6,6,6,0,6,6,6,0,176470.5882,29411.76471,68,0,68,68,0,0,0,0,0,0,0,0,0,0,0,0,0,0,20,20,14705.88235,14705.88235,6,6,6,0,0,0,0,0,0,1,1,0,0,1,9,6,6,20,0,0,0,0,0,0,1,6,1,6,1024,320,0,20,0,0,0,0,0,0,0,0,BENIGN
8833,48,2,0,12,0,6,6,6,0,0,0,0,0,250000,41666.66667,48,0,48,48,48,48,0,48,48,0,0,0,0,0,0,0,0,0,40,0,41666.66667,0,6,6,6,0,0,0,0,0,0,1,0,0,0,0,9,6,0,40,0,0,0,0,0,0,2,12,0,0,23,-1,1,20,0,0,0,0,0,0,0,0,BENIGN
9331,3,2,0,12,0,6,6,6,0,0,0,0,0,4000000,666666.6667,3,0,3,3,3,3,0,3,3,0,0,0,0,0,0,0,0,0,40,0,666666.6667,0,6,6,6,0,0,0,0,0,0,1,0,0,0,0,9,6,0,40,0,0,0,0,0,0,2,12,0,0,360,-1,1,20,0,0,0,0,0,0,0,0,BENIGN
9175,3,2,0,12,0,6,6,6,0,0,0,0,0,4000000,666666.6667,3,0,3,3,3,3,0,3,3,0,0,0,0,0,0,0,0,0,40,0,666666.6667,0,6,6,6,0,0,0,0,0,0,1,0,0,0,0,9,6,0,40,0,0,0,0,0,0,2,12,0,0,385,-1,1,20,0,0,0,0,0,0,0,0,BENIGN
8693,16,1,1,6,6,6,6,6,0,6,6,6,0,750000,125000,16,0,16,16,0,0,0,0,0,0,0,0,0,0,0,0,0,0,20,20,62500,62500,6,6,6,0,0,0,0,0,0,1,1,0,0,1,9,6,6,20,0,0,0,0,0,0,1,6,1,6,351,258,0,20,0,0,0,0,0,0,0,0,BENIGN
8695,63,1,1,6,6,6,6,6,0,6,6,6,0,190476.1905,31746.03175,63,0,63,63,0,0,0,0,0,0,0,0,0,0,0,0,0,0,20,20,15873.01587,15873.01587,6,6,6,0,0,0,0,0,0,1,1,0,0,1,9,6,6,20,0,0,0,0,0,0,1,6,1,6,360,255,0,20,0,0,0,0,0,0,0,0,BENIGN
8690,17,1,1,6,6,6,6,6,0,6,6,6,0,705882.3529,117647.0588,17,0,17,17,0,0,0,0,0,0,0,0,0,0,0,0,0,0,20,20,58823.52941,58823.52941,6,6,6,0,0,0,0,0,0,1,1,0,0,1,9,6,6,20,0,0,0,0,0,0,1,6,1,6,360,255,0,20,0,0,0,0,0,0,0,0,BENIGN
8694,123,1,1,6,6,6,6,6,0,6,6,6,0,97560.97561,16260.1626,123,0,123,123,0,0,0,0,0,0,0,0,0,0,0,0,0,0,20,20,8130.081301,8130.081301,6,6,6,0,0,0,0,0,0,1,1,0,0,1,9,6,6,20,0,0,0,0,0,0,1,6,1,6,360,255,0,20,0,0,0,0,0,0,0,0,BENIGN
80,444561,3,5,26,11607,20,0,8.666666667,10.26320288,7215,0,2321.4,3327.769794,26167.3876,17.99528074,63508.71429,167471.0432,443297,4,876,438,425.6782823,739,137,444509,111127.25,221446.9774,443297,4,0,0,0,0,72,112,6.748230277,11.24705046,0,7215,1292.555556,2650.585648,7025604.278,0,0,0,1,0,0,0,0,1,1454.125,8.666666667,2321.4,72,0,0,0,0,0,0,3,26,5,11607,8192,229,2,20,0,0,0,0,0,0,0,0,DDoS
80,6466374,4,0,24,0,6,6,6,0,0,0,0,0,3.711508181,0.618584697,2155458,3731633.45,6464377,3,6466374,2155458,3731633.45,6464377,3,0,0,0,0,0,0,0,0,0,80,0,0.618584697,0,6,6,6,0,0,0,0,0,0,1,0,0,0,0,7.5,6,0,80,0,0,0,0,0,0,4,24,0,0,256,-1,3,20,1997,0,1997,1997,6464377,0,6464377,6464377,DDoS
80,444629,3,5,26,11607,20,0,8.666666667,10.26320288,5840,0,2321.4,3173.373883,26163.38565,17.9925286,63518.42857,167496.7255,443365,12,917,458.5,480.1255044,798,119,444496,111124,221494.3942,443365,12,0,0,0,0,72,112,6.747198226,11.24533038,0,5840,1292.555556,2554.159212,6523729.278,0,0,0,1,0,0,0,0,1,1454.125,8.666666667,2321.4,72,0,0,0,0,0,0,3,26,5,11607,8192,229,2,20,0,0,0,0,0,0,0,0,DDoS
80,6465089,5,0,30,0,6,6,6,0,0,0,0,0,4.640307349,0.773384558,1616272.25,3231880.533,6464093,3,6465089,1616272.25,3231880.533,6464093,3,0,0,0,0,0,0,0,0,0,100,0,0.773384558,0,6,6,6,0,0,0,0,0,0,1,0,0,0,0,7.2,6,0,100,0,0,0,0,0,0,5,30,0,0,256,-1,4,20,996,0,996,996,6464093,0,6464093,6464093,DDoS
80,444662,3,4,26,11607,20,0,8.666666667,10.26320288,11595,0,2901.75,5795.50069,26161.44397,15.74229415,74110.33333,180994.7374,443564,6,863,431.5,371.2310601,694,169,444615,148205,255788.9248,443564,6,0,0,0,0,72,92,6.746697492,8.995596655,0,11595,1454.125,4097.537534,16800000,0,0,0,1,0,0,0,0,1,1661.857143,8.666666667,2901.75,72,0,0,0,0,0,0,3,26,4,11607,8192,229,2,20,0,0,0,0,0,0,0,0,DDoS
80,6463784,4,0,24,0,6,6,6,0,0,0,0,0,3.71299536,0.61883256,2154594.667,3730999.708,6462782,3,6463784,2154594.667,3730999.708,6462782,3,0,0,0,0,0,0,0,0,0,80,0,0.61883256,0,6,6,6,0,0,0,0,0,0,1,0,0,0,0,7.5,6,0,80,0,0,0,0,0,0,4,24,0,0,256,-1,3,20,1002,0,1002,1002,6462782,0,6462782,6462782,DDoS
80,431186,3,5,26,11607,20,0,8.666666667,10.26320288,7215,0,2321.4,3327.769794,26979.07632,18.55347808,61598,162438.8292,429974,4,1017,508.5,574.8778131,915,102,431140,107785,214793.1153,429974,4,0,0,0,0,72,112,6.957554281,11.5959238,0,7215,1292.555556,2650.585648,7025604.278,0,0,0,1,0,0,0,0,1,1454.125,8.666666667,2321.4,72,0,0,0,0,0,0,3,26,5,11607,8192,229,2,20,0,0,0,0,0,0,0,0,DDoS
80,6463847,5,0,30,0,6,6,6,0,0,0,0,0,4.641198964,0.773533161,1615961.75,3230835.559,6462215,1,6463847,1615961.75,3230835.559,6462215,1,0,0,0,0,0,0,0,0,0,100,0,0.773533161,0,6,6,6,0,0,0,0,0,0,1,0,0,0,0,7.2,6,0,100,0,0,0,0,0,0,5,30,0,0,256,-1,4,20,1632,0,1632,1632,6462215,0,6462215,6462215,DDoS
80,429800,3,5,26,11607,20,0,8.666666667,10.26320288,10135,0,2321.4,4413.201989,27066.07725,18.61330852,61400,161909.1881,428575,6,946,473,533.158513,850,96,429753,107438.25,214091.5781,428575,6,0,0,0,0,72,112,6.979990693,11.63331782,0,10135,1292.555556,3350.634907,11200000,0,0,0,1,0,0,0,0,1,1454.125,8.666666667,2321.4,72,0,0,0,0,0,0,3,26,5,11607,8192,229,2,20,0,0,0,0,0,0,0,0,DDoS
80,6464412,4,0,24,0,6,6,6,0,0,0,0,0,3.712634653,0.618772442,2154804,3731368.346,6463417,3,6464412,2154804,3731368.346,6463417,3,0,0,0,0,0,0,0,0,0,80,0,0.618772442,0,6,6,6,0,0,0,0,0,0,1,0,0,0,0,7.5,6,0,80,0,0,0,0,0,0,4,24,0,0,256,-1,3,20,995,0,995,995,6463417,0,6463417,6463417,DDoS
80,450162,3,7,26,11601,20,0,8.666666667,10.26320288,4380,0,1657.285714,1561.969346,25828.47953,22.2142251,50018,145067.5457,436701,14,12961,6480.5,9075.715537,12898,63,450113,75018.83333,177261.9555,436701,14,0,0,0,0,72,152,6.66426753,15.54995757,0,4380,1057,1468.855269,2157535.8,0,0,0,1,0,0,0,0,2,1162.7,8.666666667,1657.285714,72,0,0,0,0,0,0,3,26,7,11601,8192,229,2,20,0,0,0,0,0,0,0,0,DDoS
80,6164860,5,0,30,0,6,6,6,0,0,0,0,0,4.866290556,0.811048426,1541215,3081104.035,6162871,3,6164860,1541215,3081104.035,6162871,3,0,0,0,0,0,0,0,0,0,100,0,0.811048426,0,6,6,6,0,0,0,0,0,0,1,0,0,0,0,7.2,6,0,100,0,0,0,0,0,0,5,30,0,0,256,-1,4,20,1989,0,1989,1989,6162871,0,6162871,6162871,DDoS
80,450025,3,6,26,11601,20,0,8.666666667,10.26320288,4380,0,1933.5,1757.789948,25836.34243,19.99888895,56253.125,153789.6537,436705,17,12891,6445.5,9019.146994,12823,68,449959,89991.8,193897.0918,436705,17,0,0,0,0,72,132,6.666296317,13.33259263,0,4380,1162.7,1645.241762,2706820.456,0,0,0,1,0,0,0,0,2,1291.888889,8.666666667,1933.5,72,0,0,0,0,0,0,3,26,6,11601,8192,229,2,20,0,0,0,0,0,0,0,0,DDoS
80,6165881,5,0,30,0,6,6,6,0,0,0,0,0,4.865484754,0.810914126,1541470.25,3080947.941,6162892,4,6165881,1541470.25,3080947.941,6162892,4,0,0,0,0,0,0,0,0,0,100,0,0.810914126,0,6,6,6,0,0,0,0,0,0,1,0,0,0,0,7.2,6,0,100,0,0,0,0,0,0,5,30,0,0,256,-1,4,20,2989,0,2989,2989,6162892,0,6162892,6162892,DDoS
80,450945,3,4,26,11601,20,0,8.666666667,10.26320288,7215,0,2900.25,3540.00286,25783.63215,15.52295735,75157.5,177672.7366,437681,52,12995,6497.5,9061.573401,12905,90,450893,150297.6667,248964.7546,437681,159,0,0,0,0,72,92,6.652696005,8.87026134,0,7215,1453.375,2786.259804,7763243.696,0,0,0,1,0,0,0,0,1,1661,8.666666667,2900.25,72,0,0,0,0,0,0,3,26,4,11601,8192,229,2,20,0,0,0,0,0,0,0,0,DDoS
80,6162869,5,0,30,0,6,6,6,0,0,0,0,0,4.867862679,0.811310446,1540717.25,3080765.869,6161866,1,6162869,1540717.25,3080765.869,6161866,1,0,0,0,0,0,0,0,0,0,100,0,0.811310446,0,6,6,6,0,0,0,0,0,0,1,0,0,0,0,7.2,6,0,100,0,0,0,0,0,0,5,30,0,0,256,-1,4,20,1003,0,1003,1003,6161866,0,6161866,6161866,DDoS
80,769444,3,6,26,11607,20,0,8.666666667,10.26320288,5840,0,1934.5,2538.919278,15118.70909,11.69675766,96180.5,271572.1189,768287,42,804,402,438.4062043,712,92,769402,153880.4,343463.8811,768287,46,0,0,0,0,72,132,3.89891922,7.797838439,0,5840,1163.3,2138.329153,4572451.567,0,0,0,1,0,0,0,0,2,1292.555556,8.666666667,1934.5,72,0,0,0,0,0,0,3,26,6,11607,8192,229,2,20,0,0,0,0,0,0,0,0,DDoS
80,5836021,5,0,30,0,6,6,6,0,0,0,0,0,5.140488699,0.856748117,1459005.25,2917347.204,5835026,2,5836021,1459005.25,2917347.204,5835026,2,0,0,0,0,0,0,0,0,0,100,0,0.856748117,0,6,6,6,0,0,0,0,0,0,1,0,0,0,0,7.2,6,0,100,0,0,0,0,0,0,5,30,0,0,256,-1,4,20,995,0,995,995,5835026,0,5835026,5835026,DDoS
80,769689,3,4,26,11607,20,0,8.666666667,10.26320288,11595,0,2901.75,5795.50069,15113.89665,9.094582357,128281.5,313700.1258,768619,36,805,402.5,471.6402231,736,69,769653,256551,443464.02,768619,186,0,0,0,0,72,92,3.897678153,5.196904204,0,11595,1454.125,4097.537534,16800000,0,0,0,1,0,0,0,0,1,1661.857143,8.666666667,2901.75,72,0,0,0,0,0,0,3,26,4,11607,8192,229,2,20,0,0,0,0,0,0,0,0,DDoS
80,5833964,5,0,30,0,6,6,6,0,0,0,0,0,5.142301187,0.857050198,1458491,2915636.039,5831945,1,5833964,1458491,2915636.039,5831945,1,0,0,0,0,0,0,0,0,0,100,0,0.857050198,0,6,6,6,0,0,0,0,0,0,1,0,0,0,0,7.2,6,0,100,0,0,0,0,0,0,5,30,0,0,256,-1,4,20,2019,0,2019,2019,5831945,0,5831945,5831945,DDoS
80,769271,3,6,26,11607,20,0,8.666666667,10.26320288,4380,0,1934.5,2177.344966,15122.10911,11.69938812,96158.875,271620.8401,768386,3,713,356.5,402.3437585,641,72,769207,153841.4,343541.0112,768386,3,0,0,0,0,72,132,3.899796041,7.799592081,0,4380,1163.3,1903.962654,3625073.789,0,0,0,1,0,0,0,0,2,1292.555556,8.666666667,1934.5,72,0,0,0,0,0,0,3,26,6,11607,8192,229,2,20,0,0,0,0,0,0,0,0,DDoS
80,5834853,4,0,24,0,6,6,6,0,0,0,0,0,4.113214163,0.685535694,1944951,3368749.62,5834848,1,5834853,1944951,3368749.62,5834848,1,0,0,0,0,0,0,0,0,0,80,0,0.685535694,0,6,6,6,0,0,0,0,0,0,1,0,0,0,0,7.5,6,0,80,0,0,0,0,0,0,4,24,0,0,256,-1,3,20,5,0,5,5,5834848,0,5834848,5834848,DDoS
80,769485,3,4,26,11607,20,0,8.666666667,10.26320288,11595,0,2901.75,5795.50069,15117.90353,9.096993444,128247.5,313744.6763,768676,5,757,378.5,334.4615075,615,142,769435,256478.3333,443576.3492,768676,5,0,0,0,0,72,92,3.898711476,5.198281968,0,11595,1454.125,4097.537534,16800000,0,0,0,1,0,0,0,0,1,1661.857143,8.666666667,2901.75,72,0,0,0,0,0,0,3,26,4,11607,8192,229,2,20,0,0,0,0,0,0,0,0,DDoS
80,5831910,4,0,24,0,6,6,6,0,0,0,0,0,4.115289845,0.685881641,1943970,3366172.367,5830891,2,5831910,1943970,3366172.367,5830891,2,0,0,0,0,0,0,0,0,0,80,0,0.685881641,0,6,6,6,0,0,0,0,0,0,1,0,0,0,0,7.5,6,0,80,0,0,0,0,0,0,4,24,0,0,256,-1,3,20,1019,0,1019,1019,5830891,0,5830891,5830891,DDoS
80,758952,3,5,26,11607,20,0,8.666666667,10.26320288,10135,0,2321.4,4413.201989,15327.71506,10.54085107,108421.7143,286404.5687,757926,4,734,367,513.3595231,730,4,758914,189728.5,378798.4582,757926,56,0,0,0,0,72,112,3.952819151,6.588031918,0,10135,1292.555556,3350.634907,11200000,0,0,0,1,0,0,0,0,1,1454.125,8.666666667,2321.4,72,0,0,0,0,0,0,3,26,5,11607,8192,229,2,20,0,0,0,0,0,0,0,0,DDoS
80,5821928,5,0,30,0,6,6,6,0,0,0,0,0,5.152932156,0.858822026,1455482,2910300.038,5820932,1,5821928,1455482,2910300.038,5820932,1,0,0,0,0,0,0,0,0,0,100,0,0.858822026,0,6,6,6,0,0,0,0,0,0,1,0,0,0,0,7.2,6,0,100,0,0,0,0,0,0,5,30,0,0,256,-1,4,20,996,0,996,996,5820932,0,5820932,5820932,DDoS
80,634357,3,5,26,11607,20,0,8.666666667,10.26320288,10135,0,2321.4,4413.201989,18338.25433,12.61119527,90622.42857,238851.0782,632285,139,1539,769.5,891.6616511,1400,139,634196,158549,315824.6312,632285,190,0,0,0,0,72,112,4.729198227,7.881997046,0,10135,1292.555556,3350.634907,11200000,0,0,0,1,0,0,0,0,1,1454.125,8.666666667,2321.4,72,0,0,0,0,0,0,3,26,5,11607,8192,229,2,20,0,0,0,0,0,0,0,0,DDoS
80,5820863,5,0,30,0,6,6,6,0,0,0,0,0,5.153874949,0.858979158,1455215.75,2909093.653,5818856,1,5820863,1455215.75,2909093.653,5818856,1,0,0,0,0,0,0,0,0,0,100,0,0.858979158,0,6,6,6,0,0,0,0,0,0,1,0,0,0,0,7.2,6,0,100,0,0,0,0,0,0,5,30,0,0,256,-1,4,20,2007,0,2007,2007,5818856,0,5818856,5818856,DDoS
80,634280,3,5,26,11607,20,0,8.666666667,10.26320288,10220,0,2321.4,4455.182578,18340.48054,12.61272624,90611.42857,238837.5024,632243,21,1470,735,832.9717882,1324,146,634259,158564.75,315786.1249,632243,46,0,0,0,0,72,112,4.72977234,7.8829539,0,10220,1292.555556,3378.299021,11400000,0,0,0,1,0,0,0,0,1,1454.125,8.666666667,2321.4,72,0,0,0,0,0,0,3,26,5,11607,8192,229,2,20,0,0,0,0,0,0,0,0,DDoS
80,5822878,5,0,30,0,6,6,6,0,0,0,0,0,5.152091457,0.85868191,1455719.5,2908101.289,5817870,1,5822878,1455719.5,2908101.289,5817870,1,0,0,0,0,0,0,0,0,0,100,0,0.85868191,0,6,6,6,0,0,0,0,0,0,1,0,0,0,0,7.2,6,0,100,0,0,0,0,0,0,5,30,0,0,256,-1,4,20,5008,0,5008,5008,5817870,0,5817870,5817870,DDoS
80,634183,3,6,26,11607,20,0,8.666666667,10.26320288,5840,0,1934.5,2538.919278,18343.28577,14.19148732,79272.875,223404.883,632171,13,1420,710,827.314934,1295,125,634037,126807.4,282507.412,632171,13,0,0,0,0,72,132,4.730495772,9.460991543,0,5840,1163.3,2138.329153,4572451.567,0,0,0,1,0,0,0,0,2,1292.555556,8.666666667,1934.5,72,0,0,0,0,0,0,3,26,6,11607,8192,229,2,20,0,0,0,0,0,0,0,0,DDoS
80,5820910,5,0,30,0,6,6,6,0,0,0,0,0,5.153833335,0.858972223,1455227.5,2907786.278,5816906,1,5820910,1455227.5,2907786.278,5816906,1,0,0,0,0,0,0,0,0,0,100,0,0.858972223,0,6,6,6,0,0,0,0,0,0,1,0,0,0,0,7.2,6,0,100,0,0,0,0,0,0,5,30,0,0,256,-1,4,20,4004,0,4004,4004,5816906,0,5816906,5816906,DDoS
80,634178,3,4,26,11607,20,0,8.666666667,10.26320288,11595,0,2901.75,5795.50069,18343.43039,11.03791049,105696.3333,258028.9024,632395,143,1467,733.5,794.0809153,1295,172,634034,211344.6667,364640.8581,632395,173,0,0,0,0,72,92,4.730533068,6.307377424,0,11595,1454.125,4097.537534,16800000,0,0,0,1,0,0,0,0,1,1661.857143,8.666666667,2901.75,72,0,0,0,0,0,0,3,26,4,11607,8192,229,2,20,0,0,0,0,0,0,0,0,DDoS
80,5818909,5,0,30,0,6,6,6,0,0,0,0,0,5.15560563,0.859267605,1454727.25,2908789.871,5817912,1,5818909,1454727.25,2908789.871,5817912,1,0,0,0,0,0,0,0,0,0,100,0,0.859267605,0,6,6,6,0,0,0,0,0,0,1,0,0,0,0,7.2,6,0,100,0,0,0,0,0,0,5,30,0,0,256,-1,4,20,997,0,997,997,5817912,0,5817912,5817912,DDoS
80,635751,3,6,26,11607,20,0,8.666666667,10.26320288,5840,0,1934.5,2538.919278,18298.04436,14.15648579,79468.875,223892.2391,633573,35,1441,720.5,765.796644,1262,179,635716,127143.2,283103.5219,633573,47,0,0,0,0,72,132,4.718828598,9.437657196,0,5840,1163.3,2138.329153,4572451.567,0,0,0,1,0,0,0,0,2,1292.555556,8.666666667,1934.5,72,0,0,0,0,0,0,3,26,6,11607,8192,229,2,20,0,0,0,0,0,0,0,0,DDoS
80,634144,3,6,26,11607,20,0,8.666666667,10.26320288,4380,0,1934.5,2177.344966,18344.41389,14.19236009,79268,223502.6124,632408,16,1307,653.5,706.3996744,1153,154,634122,126824.4,282630.4583,632408,16,0,0,0,0,72,132,4.730786698,9.461573397,0,4380,1163.3,1903.962654,3625073.789,0,0,0,1,0,0,0,0,2,1292.555556,8.666666667,1934.5,72,0,0,0,0,0,0,3,26,6,11607,8192,229,2,20,0,0,0,0,0,0,0,0,DDoS
80,5817883,4,0,24,0,6,6,6,0,0,0,0,0,4.125211868,0.687535311,1939294.333,3358951.986,5817878,2,5817883,1939294.333,3358951.986,5817878,2,0,0,0,0,0,0,0,0,0,80,0,0.687535311,0,6,6,6,0,0,0,0,0,0,1,0,0,0,0,7.5,6,0,80,0,0,0,0,0,0,4,24,0,0,256,-1,3,20,5,0,5,5,5817878,0,5817878,5817878,DDoS
80,635639,3,6,26,11607,20,0,8.666666667,10.26320288,5840,0,1934.5,2538.919278,18301.26849,14.15898018,79454.875,223752.9046,633213,3,1892,946,1333.603389,1889,3,635561,127112.2,282919.9874,633213,15,0,0,0,0,72,132,4.719660059,9.439320117,0,5840,1163.3,2138.329153,4572451.567,0,0,0,1,0,0,0,0,2,1292.555556,8.666666667,1934.5,72,0,0,0,0,0,0,3,26,6,11607,8192,229,2,20,0,0,0,0,0,0,0,0,DDoS
80,620534,3,4,26,11607,20,0,8.666666667,10.26320288,11595,0,2901.75,5795.50069,18746.75683,11.2806067,103422.3333,252877.4829,619606,5,846,423,541.6437944,806,40,620487,206829,357475.6334,619606,5,0,0,0,0,72,92,4.83454573,6.446060973,0,11595,1454.125,4097.537534,16800000,0,0,0,1,0,0,0,0,1,1661.857143,8.666666667,2901.75,72,0,0,0,0,0,0,3,26,4,11607,8192,229,2,20,0,0,0,0,0,0,0,0,DDoS
80,620734,3,4,26,11607,20,0,8.666666667,10.26320288,11595,0,2901.75,5795.50069,18740.71664,11.2769721,103455.6667,252930.6698,619748,6,895,447.5,424.9711755,748,147,620657,206885.6667,357549.5502,619748,6,0,0,0,0,72,92,4.832988043,6.443984058,0,11595,1454.125,4097.537534,16800000,0,0,0,1,0,0,0,0,1,1661.857143,8.666666667,2901.75,72,0,0,0,0,0,0,3,26,4,11607,8192,229,2,20,0,0,0,0,0,0,0,0,DDoS
80,620417,3,5,26,11607,20,0,8.666666667,10.26320288,10220,0,2321.4,4455.182578,18750.29214,12.89455318,88631,234131.8774,619592,1,742,371,292.7422074,578,164,620403,155100.75,309661.0393,619592,1,0,0,0,0,72,112,4.835457442,8.059095737,0,10220,1292.555556,3378.299021,11400000,0,0,0,1,0,0,0,0,1,1454.125,8.666666667,2321.4,72,0,0,0,0,0,0,3,26,5,11607,8192,229,2,20,0,0,0,0,0,0,0,0,DDoS
80,620558,3,5,26,11607,20,0,8.666666667,10.26320288,7215,0,2321.4,3327.769794,18746.0318,12.89162335,88651.14286,234119.9023,619585,3,723,361.5,316.0767312,585,138,620542,155135.5,309633.1916,619585,3,0,0,0,0,72,112,4.834358755,8.057264591,0,7215,1292.555556,2650.585648,7025604.278,0,0,0,1,0,0,0,0,1,1454.125,8.666666667,2321.4,72,0,0,0,0,0,0,3,26,5,11607,8192,229,2,20,0,0,0,0,0,0,0,0,DDoS
80,620770,3,5,26,11607,20,0,8.666666667,10.26320288,7215,0,2321.4,3327.769794,18739.62981,12.88722071,88681.42857,234166.9479,619722,3,743,371.5,306.1772363,588,155,620725,155181.25,309694.0234,619722,3,0,0,0,0,72,112,4.832707766,8.054512944,0,7215,1292.555556,2650.585648,7025604.278,0,0,0,1,0,0,0,0,1,1454.125,8.666666667,2321.4,72,0,0,0,0,0,0,3,26,5,11607,8192,229,2,20,0,0,0,0,0,0,0,0,DDoS
80,325629,3,5,26,11607,20,0,8.666666667,10.26320288,5840,0,2321.4,3173.373883,35724.70511,24.5678364,46518.42857,122592.6764,324532,3,852,426,499.2173875,779,73,325537,81384.25,162098.9306,324532,3,0,0,0,0,72,112,9.212938651,15.35489775,0,5840,1292.555556,2554.159212,6523729.278,0,0,0,1,0,0,0,0,1,1454.125,8.666666667,2321.4,72,0,0,0,0,0,0,3,26,5,11607,8192,229,2,20,0,0,0,0,0,0,0,0,DDoS
80,325585,3,4,26,11607,20,0,8.666666667,10.26320288,11595,0,2901.75,5795.50069,35729.53299,21.49976197,54264.16667,132450.9351,324628,11,813,406.5,460.3265146,732,81,325550,108516.6667,187158.4457,324628,11,0,0,0,0,72,92,9.2141837,12.28557827,0,11595,1454.125,4097.537534,16800000,0,0,0,1,0,0,0,0,1,1661.857143,8.666666667,2901.75,72,0,0,0,0,0,0,3,26,4,11607,8192,229,2,20,0,0,0,0,0,0,0,0,DDoS
80,325708,3,5,26,11607,20,0,8.666666667,10.26320288,5840,0,2321.4,3173.373883,35716.04013,24.56187751,46529.71429,122629.5937,324627,3,748,374,494.9747468,724,24,325660,81415,162141.7809,324627,3,0,0,0,0,72,112,9.210704066,15.35117344,0,5840,1292.555556,2554.159212,6523729.278,0,0,0,1,0,0,0,0,1,1454.125,8.666666667,2321.4,72,0,0,0,0,0,0,3,26,5,11607,8192,229,2,20,0,0,0,0,0,0,0,0,DDoS
80,1164403,3,6,26,11601,20,0,8.666666667,10.26320288,2920,0,1933.5,1495.722401,9985.374479,7.729282731,145550.375,401799.6083,1139749,1,23962,11981,16270.52704,23486,476,1164402,232880.4,507059.2773,1139749,65,0,0,0,0,72,132,2.576427577,5.152855154,0,2920,1162.7,1494.366611,2233131.567,0,0,0,1,0,0,0,0,2,1291.888889,8.666666667,1933.5,72,0,0,0,0,0,0,3,26,6,11601,8192,229,2,20,0,0,0,0,0,0,0,0,DDoS
80,4639314,5,0,30,0,6,6,6,0,0,0,0,0,6.466473276,1.077745546,1159828.5,2316328.955,4634321,3,4639314,1159828.5,2316328.955,4634321,3,0,0,0,0,0,0,0,0,0,100,0,1.077745546,0,6,6,6,0,0,0,0,0,0,1,0,0,0,0,7.2,6,0,100,0,0,0,0,0,0,5,30,0,0,256,-1,4,20,0,0,0,0,0,0,0,0,DDoS
80,1164347,3,6,26,11601,20,0,8.666666667,10.26320288,4380,0,1933.5,1757.789948,9985.854732,7.729654476,145543.375,401818.4238,1139785,10,24079,12039.5,16428.21185,23656,423,1164337,232867.4,507088.329,1139785,15,0,0,0,0,72,132,2.576551492,5.153102984,0,4380,1162.7,1645.241762,2706820.456,0,0,0,1,0,0,0,0,2,1291.888889,8.666666667,1933.5,72,0,0,0,0,0,0,3,26,6,11601,8192,229,2,20,0,0,0,0,0,0,0,0,DDoS
80,6470015,4,0,24,0,6,6,6,0,0,0,0,0,3.70941953,0.618236588,2156671.667,3734680.284,6469109,363,6470015,2156671.667,3734680.284,6469109,363,0,0,0,0,0,0,0,0,0,80,0,0.618236588,0,6,6,6,0,0,0,0,0,0,1,0,0,0,0,7.5,6,0,80,0,0,0,0,0,0,4,24,0,0,256,-1,3,20,906,0,906,906,6469109,0,6469109,6469109,DDoS
5822,58,1,1,2,6,2,2,2,0,6,6,6,0,137931.0345,34482.75862,58,0,58,58,0,0,0,0,0,0,0,0,0,0,0,0,0,0,24,20,17241.37931,17241.37931,2,6,3.333333333,2.309401077,5.333333333,0,0,0,1,0,0,0,0,1,5,2,6,24,0,0,0,0,0,0,1,2,1,6,1024,0,0,24,0,0,0,0,0,0,0,0,PortScan
2007,51,1,1,2,6,2,2,2,0,6,6,6,0,156862.7451,39215.68627,51,0,51,51,0,0,0,0,0,0,0,0,0,0,0,0,0,0,24,20,19607.84314,19607.84314,2,6,3.333333333,2.309401077,5.333333333,0,0,0,1,0,0,0,0,1,5,2,6,24,0,0,0,0,0,0,1,2,1,6,1024,0,0,24,0,0,0,0,0,0,0,0,PortScan
5961,88,1,1,2,6,2,2,2,0,6,6,6,0,90909.09091,22727.27273,88,0,88,88,0,0,0,0,0,0,0,0,0,0,0,0,0,0,24,20,11363.63636,11363.63636,2,6,3.333333333,2.309401077,5.333333333,0,0,0,1,0,0,0,0,1,5,2,6,24,0,0,0,0,0,0,1,2,1,6,1024,0,0,24,0,0,0,0,0,0,0,0,PortScan
3324,93,1,1,2,6,2,2,2,0,6,6,6,0,86021.50538,21505.37634,93,0,93,93,0,0,0,0,0,0,0,0,0,0,0,0,0,0,24,20,10752.68817,10752.68817,2,6,3.333333333,2.309401077,5.333333333,0,0,0,1,0,0,0,0,1,5,2,6,24,0,0,0,0,0,0,1,2,1,6,1024,0,0,24,0,0,0,0,0,0,0,0,PortScan
5960,39,1,1,2,6,2,2,2,0,6,6,6,0,205128.2051,51282.05128,39,0,39,39,0,0,0,0,0,0,0,0,0,0,0,0,0,0,24,20,25641.02564,25641.02564,2,6,3.333333333,2.309401077,5.333333333,0,0,0,1,0,0,0,0,1,5,2,6,24,0,0,0,0,0,0,1,2,1,6,1024,0,0,24,0,0,0,0,0,0,0,0,PortScan
3325,82,1,1,2,6,2,2,2,0,6,6,6,0,97560.97561,24390.2439,82,0,82,82,0,0,0,0,0,0,0,0,0,0,0,0,0,0,24,20,12195.12195,12195.12195,2,6,3.333333333,2.309401077,5.333333333,0,0,0,1,0,0,0,0,1,5,2,6,24,0,0,0,0,0,0,1,2,1,6,1024,0,0,24,0,0,0,0,0,0,0,0,PortScan
5963,57,1,1,2,6,2,2,2,0,6,6,6,0,140350.8772,35087.7193,57,0,57,57,0,0,0,0,0,0,0,0,0,0,0,0,0,0,24,20,17543.85965,17543.85965,2,6,3.333333333,2.309401077,5.333333333,0,0,0,1,0,0,0,0,1,5,2,6,24,0,0,0,0,0,0,1,2,1,6,1024,0,0,24,0,0,0,0,0,0,0,0,PortScan
139,596,2,1,8,2,6,2,4,2.828427125,2,2,2,0,16778.52349,5033.557047,298,364.8670991,556,40,596,596,0,596,596,0,0,0,0,0,0,0,0,0,44,24,3355.704698,1677.852349,2,6,3,2,4,0,0,0,1,0,0,0,0,0,4,4,2,44,0,0,0,0,0,0,2,8,1,2,1024,29200,1,20,0,0,0,0,0,0,0,0,PortScan
5962,56,1,1,2,6,2,2,2,0,6,6,6,0,142857.1429,35714.28571,56,0,56,56,0,0,0,0,0,0,0,0,0,0,0,0,0,0,24,20,17857.14286,17857.14286,2,6,3.333333333,2.309401077,5.333333333,0,0,0,1,0,0,0,0,1,5,2,6,24,0,0,0,0,0,0,1,2,1,6,1024,0,0,24,0,0,0,0,0,0,0,0,PortScan
24444,49,1,1,2,6,2,2,2,0,6,6,6,0,163265.3061,40816.32653,49,0,49,49,0,0,0,0,0,0,0,0,0,0,0,0,0,0,24,20,20408.16327,20408.16327,2,6,3.333333333,2.309401077,5.333333333,0,0,0,1,0,0,0,0,1,5,2,6,24,0,0,0,0,0,0,1,2,1,6,1024,0,0,24,0,0,0,0,0,0,0,0,PortScan
135,48,1,1,2,6,2,2,2,0,6,6,6,0,166666.6667,41666.66667,48,0,48,48,0,0,0,0,0,0,0,0,0,0,0,0,0,0,24,20,20833.33333,20833.33333,2,6,3.333333333,2.309401077,5.333333333,0,0,0,1,0,0,0,0,1,5,2,6,24,0,0,0,0,0,0,1,2,1,6,1024,0,0,24,0,0,0,0,0,0,0,0,PortScan
38292,34,1,1,2,6,2,2,2,0,6,6,6,0,235294.1176,58823.52941,34,0,34,34,0,0,0,0,0,0,0,0,0,0,0,0,0,0,24,20,29411.76471,29411.76471,2,6,3.333333333,2.309401077,5.333333333,0,0,0,1,0,0,0,0,1,5,2,6,24,0,0,0,0,0,0,1,2,1,6,1024,0,0,24,0,0,0,0,0,0,0,0,PortScan
5825,24,1,1,2,6,2,2,2,0,6,6,6,0,333333.3333,83333.33333,24,0,24,24,0,0,0,0,0,0,0,0,0,0,0,0,0,0,24,20,41666.66667,41666.66667,2,6,3.333333333,2.309401077,5.333333333,0,0,0,1,0,0,0,0,1,5,2,6,24,0,0,0,0,0,0,1,2,1,6,1024,0,0,24,0,0,0,0,0,0,0,0,PortScan
179,48,1,1,2,6,2,2,2,0,6,6,6,0,166666.6667,41666.66667,48,0,48,48,0,0,0,0,0,0,0,0,0,0,0,0,0,0,24,20,20833.33333,20833.33333,2,6,3.333333333,2.309401077,5.333333333,0,0,0,1,0,0,0,0,1,5,2,6,24,0,0,0,0,0,0,1,2,1,6,1024,0,0,24,0,0,0,0,0,0,0,0,PortScan
13783,28,1,1,2,6,2,2,2,0,6,6,6,0,285714.2857,71428.57143,28,0,28,28,0,0,0,0,0,0,0,0,0,0,0,0,0,0,24,20,35714.28571,35714.28571,2,6,3.333333333,2.309401077,5.333333333,0,0,0,1,0,0,0,0,1,5,2,6,24,0,0,0,0,0,0,1,2,1,6,1024,0,0,24,0,0,0,0,0,0,0,0,PortScan
2022,44,1,1,2,6,2,2,2,0,6,6,6,0,181818.1818,45454.54545,44,0,44,44,0,0,0,0,0,0,0,0,0,0,0,0,0,0,24,20,22727.27273,22727.27273,2,6,3.333333333,2.309401077,5.333333333,0,0,0,1,0,0,0,0,1,5,2,6,24,0,0,0,0,0,0,1,2,1,6,1024,0,0,24,0,0,0,0,0,0,0,0,PortScan
13782,27,1,1,2,6,2,2,2,0,6,6,6,0,296296.2963,74074.07407,27,0,27,27,0,0,0,0,0,0,0,0,0,0,0,0,0,0,24,20,37037.03704,37037.03704,2,6,3.333333333,2.309401077,5.333333333,0,0,0,1,0,0,0,0,1,5,2,6,24,0,0,0,0,0,0,1,2,1,6,1024,0,0,24,0,0,0,0,0,0,0,0,PortScan
2809,43,1,1,2,6,2,2,2,0,6,6,6,0,186046.5116,46511.62791,43,0,43,43,0,0,0,0,0,0,0,0,0,0,0,0,0,0,24,20,23255.81395,23255.81395,2,6,3.333333333,2.309401077,5.333333333,0,0,0,1,0,0,0,0,1,5,2,6,24,0,0,0,0,0,0,1,2,1,6,1024,0,0,24,0,0,0,0,0,0,0,0,PortScan
2021,28,1,1,2,6,2,2,2,0,6,6,6,0,285714.2857,71428.57143,28,0,28,28,0,0,0,0,0,0,0,0,0,0,0,0,0,0,24,20,35714.28571,35714.28571,2,6,3.333333333,2.309401077,5.333333333,0,0,0,1,0,0,0,0,1,5,2,6,24,0,0,0,0,0,0,1,2,1,6,1024,0,0,24,0,0,0,0,0,0,0,0,PortScan
8089,42,1,1,2,6,2,2,2,0,6,6,6,0,190476.1905,47619.04762,42,0,42,42,0,0,0,0,0,0,0,0,0,0,0,0,0,0,24,20,23809.52381,23809.52381,2,6,3.333333333,2.309401077,5.333333333,0,0,0,1,0,0,0,0,1,5,2,6,24,0,0,0,0,0,0,1,2,1,6,1024,0,0,24,0,0,0,0,0,0,0,0,PortScan
5054,48,1,1,2,6,2,2,2,0,6,6,6,0,166666.6667,41666.66667,48,0,48,48,0,0,0,0,0,0,0,0,0,0,0,0,0,0,24,20,20833.33333,20833.33333,2,6,3.333333333,2.309401077,5.333333333,0,0,0,1,0,0,0,0,1,5,2,6,24,0,0,0,0,0,0,1,2,1,6,1024,0,0,24,0,0,0,0,0,0,0,0,PortScan
2020,52,1,1,2,6,2,2,2,0,6,6,6,0,153846.1538,38461.53846,52,0,52,52,0,0,0,0,0,0,0,0,0,0,0,0,0,0,24,20,19230.76923,19230.76923,2,6,3.333333333,2.309401077,5.333333333,0,0,0,1,0,0,0,0,1,5,2,6,24,0,0,0,0,0,0,1,2,1,6,1024,0,0,24,0,0,0,0,0,0,0,0,PortScan
8873,44,1,1,2,6,2,2,2,0,6,6,6,0,181818.1818,45454.54545,44,0,44,44,0,0,0,0,0,0,0,0,0,0,0,0,0,0,24,20,22727.27273,22727.27273,2,6,3.333333333,2.309401077,5.333333333,0,0,0,1,0,0,0,0,1,5,2,6,24,0,0,0,0,0,0,1,2,1,6,1024,0,0,24,0,0,0,0,0,0,0,0,PortScan
4662,15,1,1,2,6,2,2,2,0,6,6,6,0,533333.3333,133333.3333,15,0,15,15,0,0,0,0,0,0,0,0,0,0,0,0,0,0,24,20,66666.66667,66666.66667,2,6,3.333333333,2.309401077,5.333333333,0,0,0,1,0,0,0,0,1,5,2,6,24,0,0,0,0,0,0,1,2,1,6,1024,0,0,24,0,0,0,0,0,0,0,0,PortScan
7402,44,1,1,2,6,2,2,2,0,6,6,6,0,181818.1818,45454.54545,44,0,44,44,0,0,0,0,0,0,0,0,0,0,0,0,0,0,24,20,22727.27273,22727.27273,2,6,3.333333333,2.309401077,5.333333333,0,0,0,1,0,0,0,0,1,5,2,6,24,0,0,0,0,0,0,1,2,1,6,1024,0,0,24,0,0,0,0,0,0,0,0,PortScan
8087,67,1,1,2,6,2,2,2,0,6,6,6,0,119402.9851,29850.74627,67,0,67,67,0,0,0,0,0,0,0,0,0,0,0,0,0,0,24,20,14925.37313,14925.37313,2,6,3.333333333,2.309401077,5.333333333,0,0,0,1,0,0,0,0,1,5,2,6,24,0,0,0,0,0,0,1,2,1,6,1024,0,0,24,0,0,0,0,0,0,0,0,PortScan
8088,63,1,1,2,6,2,2,2,0,6,6,6,0,126984.127,31746.03175,63,0,63,63,0,0,0,0,0,0,0,0,0,0,0,0,0,0,24,20,15873.01587,15873.01587,2,6,3.333333333,2.309401077,5.333333333,0,0,0,1,0,0,0,0,1,5,2,6,24,0,0,0,0,0,0,1,2,1,6,1024,0,0,24,0,0,0,0,0,0,0,0,PortScan
40193,48,1,1,2,6,2,2,2,0,6,6,6,0,166666.6667,41666.66667,48,0,48,48,0,0,0,0,0,0,0,0,0,0,0,0,0,0,24,20,20833.33333,20833.33333,2,6,3.333333333,2.309401077,5.333333333,0,0,0,1,0,0,0,0,1,5,2,6,24,0,0,0,0,0,0,1,2,1,6,1024,0,0,24,0,0,0,0,0,0,0,0,PortScan
8085,44,1,1,2,6,2,2,2,0,6,6,6,0,181818.1818,45454.54545,44,0,44,44,0,0,0,0,0,0,0,0,0,0,0,0,0,0,24,20,22727.27273,22727.27273,2,6,3.333333333,2.309401077,5.333333333,0,0,0,1,0,0,0,0,1,5,2,6,24,0,0,0,0,0,0,1,2,1,6,1024,0,0,24,0,0,0,0,0,0,0,0,PortScan
5051,107,1,1,2,6,2,2,2,0,6,6,6,0,74766.35514,18691.58879,107,0,107,107,0,0,0,0,0,0,0,0,0,0,0,0,0,0,24,20,9345.794393,9345.794393,2,6,3.333333333,2.309401077,5.333333333,0,0,0,1,0,0,0,0,1,5,2,6,24,0,0,0,0,0,0,1,2,1,6,1024,0,0,24,0,0,0,0,0,0,0,0,PortScan
5050,44,1,1,2,6,2,2,2,0,6,6,6,0,181818.1818,45454.54545,44,0,44,44,0,0,0,0,0,0,0,0,0,0,0,0,0,0,24,20,22727.27273,22727.27273,2,6,3.333333333,2.309401077,5.333333333,0,0,0,1,0,0,0,0,1,5,2,6,24,0,0,0,0,0,0,1,2,1,6,1024,0,0,24,0,0,0,0,0,0,0,0,PortScan
8086,44,1,1,2,6,2,2,2,0,6,6,6,0,181818.1818,45454.54545,44,0,44,44,0,0,0,0,0,0,0,0,0,0,0,0,0,0,24,20,22727.27273,22727.27273,2,6,3.333333333,2.309401077,5.333333333,0,0,0,1,0,0,0,0,1,5,2,6,24,0,0,0,0,0,0,1,2,1,6,1024,0,0,24,0,0,0,0,0,0,0,0,PortScan
2161,65,1,1,2,6,2,2,2,0,6,6,6,0,123076.9231,30769.23077,65,0,65,65,0,0,0,0,0,0,0,0,0,0,0,0,0,0,24,20,15384.61538,15384.61538,2,6,3.333333333,2.309401077,5.333333333,0,0,0,1,0,0,0,0,1,5,2,6,24,0,0,0,0,0,0,1,2,1,6,1024,0,0,24,0,0,0,0,0,0,0,0,PortScan
8083,32,1,1,2,6,2,2,2,0,6,6,6,0,250000,62500,32,0,32,32,0,0,0,0,0,0,0,0,0,0,0,0,0,0,24,20,31250,31250,2,6,3.333333333,2.309401077,5.333333333,0,0,0,1,0,0,0,0,1,5,2,6,24,0,0,0,0,0,0,1,2,1,6,1024,0,0,24,0,0,0,0,0,0,0,0,PortScan
2160,75,1,1,2,6,2,2,2,0,6,6,6,0,106666.6667,26666.66667,75,0,75,75,0,0,0,0,0,0,0,0,0,0,0,0,0,0,24,20,13333.33333,13333.33333,2,6,3.333333333,2.309401077,5.333333333,0,0,0,1,0,0,0,0,1,5,2,6,24,0,0,0,0,0,0,1,2,1,6,1024,0,0,24,0,0,0,0,0,0,0,0,PortScan
9900,49,1,1,2,6,2,2,2,0,6,6,6,0,163265.3061,40816.32653,49,0,49,49,0,0,0,0,0,0,0,0,0,0,0,0,0,0,24,20,20408.16327,20408.16327,2,6,3.333333333,2.309401077,5.333333333,0,0,0,1,0,0,0,0,1,5,2,6,24,0,0,0,0,0,0,1,2,1,6,1024,0,0,24,0,0,0,0,0,0,0,0,PortScan
2800,69,1,1,2,6,2,2,2,0,6,6,6,0,115942.029,28985.50725,69,0,69,69,0,0,0,0,0,0,0,0,0,0,0,0,0,0,24,20,14492.75362,14492.75362,2,6,3.333333333,2.309401077,5.333333333,0,0,0,1,0,0,0,0,1,5,2,6,24,0,0,0,0,0,0,1,2,1,6,1024,0,0,24,0,0,0,0,0,0,0,0,PortScan
8084,45,1,1,2,6,2,2,2,0,6,6,6,0,177777.7778,44444.44444,45,0,45,45,0,0,0,0,0,0,0,0,0,0,0,0,0,0,24,20,22222.22222,22222.22222,2,6,3.333333333,2.309401077,5.333333333,0,0,0,1,0,0,0,0,1,5,2,6,24,0,0,0,0,0,0,1,2,1,6,1024,0,0,24,0,0,0,0,0,0,0,0,PortScan
5190,43,1,1,2,6,2,2,2,0,6,6,6,0,186046.5116,46511.62791,43,0,43,43,0,0,0,0,0,0,0,0,0,0,0,0,0,0,24,20,23255.81395,23255.81395,2,6,3.333333333,2.309401077,5.333333333,0,0,0,1,0,0,0,0,1,5,2,6,24,0,0,0,0,0,0,1,2,1,6,1024,0,0,24,0,0,0,0,0,0,0,0,PortScan
8081,49,1,1,2,6,2,2,2,0,6,6,6,0,163265.3061,40816.32653,49,0,49,49,0,0,0,0,0,0,0,0,0,0,0,0,0,0,24,20,20408.16327,20408.16327,2,6,3.333333333,2.309401077,5.333333333,0,0,0,1,0,0,0,0,1,5,2,6,24,0,0,0,0,0,0,1,2,1,6,1024,0,0,24,0,0,0,0,0,0,0,0,PortScan
8080,101,1,1,2,6,2,2,2,0,6,6,6,0,79207.92079,19801.9802,101,0,101,101,0,0,0,0,0,0,0,0,0,0,0,0,0,0,24,20,9900.990099,9900.990099,2,6,3.333333333,2.309401077,5.333333333,0,0,0,1,0,0,0,0,1,5,2,6,24,0,0,0,0,0,0,1,2,1,6,1024,0,0,24,0,0,0,0,0,0,0,0,PortScan
8082,46,1,1,2,6,2,2,2,0,6,6,6,0,173913.0435,43478.26087,46,0,46,46,0,0,0,0,0,0,0,0,0,0,0,0,0,0,24,20,21739.13043,21739.13043,2,6,3.333333333,2.309401077,5.333333333,0,0,0,1,0,0,0,0,1,5,2,6,24,0,0,0,0,0,0,1,2,1,6,1024,0,0,24,0,0,0,0,0,0,0,0,PortScan
6389,64,1,1,2,6,2,2,2,0,6,6,6,0,125000,31250,64,0,64,64,0,0,0,0,0,0,0,0,0,0,0,0,0,0,24,20,15625,15625,2,6,3.333333333,2.309401077,5.333333333,0,0,0,1,0,0,0,0,1,5,2,6,24,0,0,0,0,0,0,1,2,1,6,1024,0,0,24,0,0,0,0,0,0,0,0,PortScan
3351,42,1,1,2,6,2,2,2,0,6,6,6,0,190476.1905,47619.04762,42,0,42,42,0,0,0,0,0,0,0,0,0,0,0,0,0,0,24,20,23809.52381,23809.52381,2,6,3.333333333,2.309401077,5.333333333,0,0,0,1,0,0,0,0,1,5,2,6,24,0,0,0,0,0,0,1,2,1,6,1024,0,0,24,0,0,0,0,0,0,0,0,PortScan
2030,19,1,1,2,6,2,2,2,0,6,6,6,0,421052.6316,105263.1579,19,0,19,19,0,0,0,0,0,0,0,0,0,0,0,0,0,0,24,20,52631.57895,52631.57895,2,6,3.333333333,2.309401077,5.333333333,0,0,0,1,0,0,0,0,1,5,2,6,24,0,0,0,0,0,0,1,2,1,6,1024,0,0,24,0,0,0,0,0,0,0,0,PortScan
1782,15,1,1,2,6,2,2,2,0,6,6,6,0,533333.3333,133333.3333,15,0,15,15,0,0,0,0,0,0,0,0,0,0,0,0,0,0,24,20,66666.66667,66666.66667,2,6,3.333333333,2.309401077,5.333333333,0,0,0,1,0,0,0,0,1,5,2,6,24,0,0,0,0,0,0,1,2,1,6,1024,0,0,24,0,0,0,0,0,0,0,0,PortScan
52848,42,1,1,2,6,2,2,2,0,6,6,6,0,190476.1905,47619.04762,42,0,42,42,0,0,0,0,0,0,0,0,0,0,0,0,0,0,24,20,23809.52381,23809.52381,2,6,3.333333333,2.309401077,5.333333333,0,0,0,1,0,0,0,0,1,5,2,6,24,0,0,0,0,0,0,1,2,1,6,1024,0,0,24,0,0,0,0,0,0,0,0,PortScan
3493,19,1,1,2,6,2,2,2,0,6,6,6,0,421052.6316,105263.1579,19,0,19,19,0,0,0,0,0,0,0,0,0,0,0,0,0,0,24,20,52631.57895,52631.57895,2,6,3.333333333,2.309401077,5.333333333,0,0,0,1,0,0,0,0,1,5,2,6,24,0,0,0,0,0,0,1,2,1,6,1024,0,0,24,0,0,0,0,0,0,0,0,PortScan
2035,45,1,1,2,6,2,2,2,0,6,6,6,0,177777.7778,44444.44444,45,0,45,45,0,0,0,0,0,0,0,0,0,0,0,0,0,0,24,20,22222.22222,22222.22222,2,6,3.333333333,2.309401077,5.333333333,0,0,0,1,0,0,0,0,1,5,2,6,24,0,0,0,0,0,0,1,2,1,6,1024,0,0,24,0,0,0,0,0,0,0,0,PortScan
17988,49,1,1,2,6,2,2,2,0,6,6,6,0,163265.3061,40816.32653,49,0,49,49,0,0,0,0,0,0,0,0,0,0,0,0,0,0,24,20,20408.16327,20408.16327,2,6,3.333333333,2.309401077,5.333333333,0,0,0,1,0,0,0,0,1,5,2,6,24,0,0,0,0,0,0,1,2,1,6,1024,0,0,24,0,0,0,0,0,0,0,0,PortScan
80,99248750,8,8,403,13043,379,0,50.375,132.8177457,5792,0,1630.375,1964.798931,135.4777768,0.161211098,6616583.333,25300000,97900000,1,99100000,14200000,36900000,97900000,1,99200000,14200000,37400000,98900000,46,0,0,0,0,224,264,0.080605549,0.080605549,0,5792,791.2941176,1536.785556,2361709.846,1,0,0,0,0,0,0,0,1,840.75,50.375,1630.375,224,0,0,0,0,0,0,8,403,8,13043,0,235,4,20,192634,0,192634,192634,97900000,0,97900000,97900000,DoS Hulk
80,99231842,6,8,392,11595,380,0,65.33333333,154.1825758,5792,0,1449.375,2046.673464,120.7979189,0.141083746,7633218.615,27200000,98100000,2,99100000,19800000,43700000,98100000,2,99200000,14200000,37400000,99100000,48,0,0,0,0,184,264,0.060464463,0.080619283,0,5792,799.5333333,1618.714519,2620236.695,1,0,0,0,0,0,0,0,1,856.6428571,65.33333333,1449.375,184,0,0,0,0,0,0,6,392,8,11595,0,235,2,20,17011,0,17011,17011,98100000,0,98100000,98100000,DoS Hulk
80,99226732,9,6,368,11595,368,0,40.88888889,122.6666667,4344,0,1932.5,1754.831473,120.5622694,0.151168941,7087623.714,26200000,98100000,1,99100000,12400000,34600000,98100000,1,147462,29492.4,58297.31954,133223,38,0,0,0,0,304,200,0.090701365,0.060467576,0,4344,747.6875,1390.331937,1933022.896,0,0,0,0,1,0,0,0,0,797.5333333,40.88888889,1932.5,304,0,0,0,0,0,0,9,368,6,11595,274,235,1,32,992,0,992,992,98100000,0,98100000,98100000,DoS Hulk
80,99228718,7,5,366,11595,366,0,52.28571429,138.3349971,4344,0,2319,2196.731436,120.539701,0.120932732,9020792.545,29500000,98100000,1,99100000,16500000,40000000,98100000,1,144508,36127,64918.092,133197,64,0,0,0,0,240,168,0.070544094,0.050388638,0,4344,920.0769231,1715.620318,2943353.077,0,0,0,0,1,0,0,0,0,996.75,52.28571429,2319,240,0,0,0,0,0,0,7,366,5,11595,274,235,1,32,4,0,4,4,98100000,0,98100000,98100000,DoS Hulk
80,99440728,9,7,730,11595,353,0,81.11111111,154.1715315,5792,0,1656.428571,2120.732252,123.9431795,0.160899868,6629381.867,25300000,98100000,1,99300000,12400000,34600000,98100000,1,99400000,16600000,40400000,99100000,46,0,0,0,0,256,232,0.090506176,0.070393692,0,5792,725.3529412,1530.857437,2343524.493,1,0,0,0,0,0,0,0,0,770.6875,81.11111111,1656.428571,256,0,0,0,0,0,0,9,730,7,11595,0,235,5,20,18023,0,18023,18023,98100000,0,98100000,98100000,DoS Hulk
80,99693721,11,6,915,11595,305,0,83.18181818,142.4653068,4344,0,1932.5,1977.812908,125.4843322,0.170522274,6230857.563,24500000,98100000,1,99600000,9955716.7,31000000,98100000,1,564469,112893.8,185725.7969,427967,34,0,0,0,0,368,200,0.110337942,0.060184332,0,4344,695,1404.837901,1973569.529,0,0,0,0,1,0,0,0,0,735.8823529,83.18181818,1932.5,368,0,0,0,0,0,0,11,915,6,11595,274,235,3,32,976,0,976,976,98100000,0,98100000,98100000,DoS Hulk
80,99436748,10,6,690,11595,345,0,69,145.4647724,5792,0,1932.5,2181.008184,123.5458746,0.160906308,6629116.533,25300000,98100000,1,99300000,11000000,32600000,98100000,1,360418,72083.6,103548.8974,224905,44,0,0,0,0,336,200,0.100566442,0.060339865,0,5792,722.6470588,1531.985066,2346978.243,0,0,0,0,1,0,0,0,0,767.8125,69,1932.5,336,0,0,0,0,0,0,10,690,6,11595,274,235,2,32,1007,0,1007,1007,98100000,0,98100000,98100000,DoS Hulk
80,99438834,8,7,596,11595,289,0,74.5,132.4214053,5792,0,1656.428571,2119.480114,122.5979782,0.150846499,7102773.857,26200000,98100000,4,99300000,14200000,37000000,98100000,4,99400000,16600000,40400000,99100000,35,0,0,0,0,236,232,0.080451466,0.070395033,0,5792,762.3125,1571.172077,2468581.696,1,0,0,0,0,0,0,0,0,813.1333333,74.5,1656.428571,236,0,0,0,0,0,0,8,596,7,11595,0,235,4,20,17956,0,17956,17956,98100000,0,98100000,98100000,DoS Hulk
80,99290618,8,6,638,11595,310,0,79.75,142.140524,7240,0,1932.5,3126.682571,123.2039869,0.14100023,7637739.846,27100000,97900000,5,99200000,14200000,36900000,97900000,5,99300000,19900000,44200000,98900000,48,0,0,0,0,236,200,0.08057156,0.06042867,0,7240,815.9333333,2095.815439,4392442.352,1,0,0,0,0,0,0,0,0,874.2142857,79.75,1932.5,236,0,0,0,0,0,0,8,638,6,11595,0,235,4,20,16975,0,16975,16975,97900000,0,97900000,97900000,DoS Hulk
80,99290711,8,7,760,11595,371,0,95,170.3735392,5792,0,1656.428571,2120.732252,124.4325866,0.151071534,7092193.643,26100000,97900000,0,99200000,14200000,36900000,97900000,0,99300000,16500000,40400000,98900000,45,0,0,0,0,236,232,0.080571485,0.070500049,0,5792,772.5625,1568.802132,2461140.129,1,0,0,0,0,0,0,0,0,824.0666667,95,1656.428571,236,0,0,0,0,0,0,8,760,7,11595,0,235,4,20,17004,0,17004,17004,97900000,0,97900000,97900000,DoS Hulk
80,99583895,12,6,963,11595,321,0,80.25,145.1777124,7240,0,1932.5,3126.682571,126.1047281,0.180752119,5857876.176,23800000,98100000,0,99500000,9046836.727,29500000,98100000,0,505619,101123.8,190047.9229,436980,86,0,0,0,0,400,200,0.120501412,0.060250706,0,7240,660.9473684,1875.233362,3516500.164,0,0,0,0,1,0,0,0,0,697.6666667,80.25,1932.5,400,0,0,0,0,0,0,12,963,6,11595,251,235,3,32,6021,0,6021,6021,98100000,0,98100000,98100000,DoS Hulk
80,99386711,9,7,966,11595,316,0,107.3333333,156.521564,4344,0,1656.428571,1760.597234,126.385106,0.160987318,6625780.733,25300000,97900000,1,99400000,12400000,34500000,97900000,1,99400000,16600000,40400000,98900000,48,0,0,0,0,268,232,0.090555366,0.070431951,0,4344,739.2352941,1341.972593,1800890.441,1,0,0,0,0,0,0,0,0,785.4375,107.3333333,1656.428571,268,0,0,0,0,0,0,9,966,7,11595,0,235,5,20,16987,0,16987,16987,97900000,0,97900000,97900000,DoS Hulk
80,99766744,11,6,1416,11595,348,0,128.7272727,173.8626417,4344,0,1932.5,2181.008184,130.4141989,0.170397462,6235421.5,24400000,97900000,1,99800000,9976617.3,30900000,97900000,1,99800000,20000000,44100000,98900000,47,0,0,0,0,320,200,0.110257181,0.060140281,0,4344,723.1666667,1480.509779,2191909.206,1,0,0,0,0,0,0,0,0,765.7058824,128.7272727,1932.5,320,0,0,0,0,0,0,11,1416,6,11595,0,235,7,20,16992,0,16992,16992,97900000,0,97900000,97900000,DoS Hulk
80,100254053,9,7,395,11595,371,0,43.88888889,122.703346,5792,0,1656.428571,2429.118623,119.5961624,0.159594545,6683603.533,25100000,97200000,1,100000000,12500000,34200000,97200000,1,100000000,16700000,40900000,100000000,18,0,0,0,0,264,232,0.089771932,0.069822614,0,5792,705.6470588,1700.787903,2892679.493,1,0,0,0,0,0,0,0,0,749.75,43.88888889,1656.428571,264,0,0,0,0,0,0,9,395,7,11595,0,235,4,20,2947,0,2947,2947,97200000,0,97200000,97200000,DoS Hulk
57452,83829317,7,6,11595,346,4344,0,1656.428571,2118.227235,328,0,57.66666667,132.468361,142.4442,0.155077012,6985776.417,24100000,83700000,12,83800000,14000000,34200000,83700000,86,83700000,16700000,37400000,83700000,12,0,0,0,0,232,164,0.083503006,0.071574006,0,4344,852.9285714,1665.266921,2773113.918,0,0,0,0,1,0,0,0,0,918.5384615,1656.428571,57.66666667,232,0,0,0,0,0,0,7,11595,6,346,235,229,4,32,11006,0,11006,11006,83700000,0,83700000,83700000,BENIGN
80,100832978,11,5,322,11595,322,0,29.27272727,97.08665295,5792,0,2319,2423.629716,118.1855404,0.158678245,6722198.533,25200000,97800000,1,101000000,10100000,30800000,97800000,1,8672,2168,3949.49347,8090,62,0,0,0,0,376,168,0.109091294,0.049586952,0,5792,701,1622.779175,2633412.25,0,0,0,0,1,0,0,0,0,744.8125,29.27272727,2319,376,0,0,0,0,0,0,11,322,5,11595,274,235,1,32,8,0,8,8,97800000,0,97800000,97800000,DoS Hulk
80,101035159,9,5,436,11595,412,0,48.44444444,136.3663367,11595,0,2319,5185.44164,119.07736,0.138565625,7771935.308,27100000,98000000,1,101000000,12600000,34500000,98000000,1,101000000,25300000,50500000,101000000,6,0,0,0,0,264,168,0.089077902,0.049487723,0,11595,802.4666667,2987.52953,8925332.695,1,0,0,0,0,0,0,0,0,859.7857143,48.44444444,2319,264,0,0,0,0,0,0,9,436,5,11595,0,235,4,20,12977,0,12977,12977,98000000,0,98000000,98000000,DoS Hulk
80,100673150,10,8,2298,11595,381,0,229.8,195.2086064,4344,0,1449.375,1729.380148,138.001046,0.178796432,5921950,23600000,97300000,16,101000000,11200000,32300000,97300000,1002,101000000,14400000,36600000,97300000,16,0,0,0,0,304,264,0.099331351,0.079465081,0,4344,731.5263158,1257.077359,1580243.485,1,0,0,0,0,0,0,0,0,772.1666667,229.8,1449.375,304,0,0,0,0,0,0,10,2298,8,11595,0,235,7,20,10020,0,10020,10020,97300000,0,97300000,97300000,DoS Hulk
80,100400623,11,7,373,11595,373,0,33.90909091,112.4637315,5792,0,1656.428571,2119.480114,119.2024476,0.179281756,5905919,23600000,97400000,1,100000000,10000000,30700000,97400000,1,1287,214.5,300.3576202,806,1,0,0,0,0,376,232,0.109561073,0.069720683,0,5792,629.8947368,1467.424308,2153334.099,0,0,0,0,1,0,0,0,0,664.8888889,33.90909091,1656.428571,376,0,0,0,0,0,0,11,373,7,11595,251,235,1,32,4041,0,4041,4041,97400000,0,97400000,97400000,DoS Hulk
80,100418706,8,6,432,11595,414,0,54,145.4922678,10147,0,1932.5,4065.734263,119.768522,0.139416256,7724515.846,27000000,97400000,5,100000000,14300000,36600000,97400000,274,100000000,20100000,44900000,100000000,5,0,0,0,0,244,200,0.079666432,0.059749824,0,10147,802.2,2612.83891,6826927.171,1,0,0,0,0,0,0,0,0,859.5,54,1932.5,244,0,0,0,0,0,0,8,432,6,11595,0,235,3,20,8010,0,8010,8010,97400000,0,97400000,97400000,DoS Hulk
80,100418815,8,6,361,11595,361,0,45.125,127.632774,5792,0,1932.5,2537.820147,119.0613532,0.139416104,7724524.231,27000000,97400000,2,100000000,14300000,36600000,97400000,4,1106,221.2,328.408587,791,2,0,0,0,0,280,200,0.079666345,0.059749759,0,5792,797.0666667,1797.03297,3229327.495,0,0,0,0,1,0,0,0,0,854,45.125,1932.5,280,0,0,0,0,0,0,8,361,6,11595,251,235,1,32,267,0,267,267,97400000,0,97400000,97400000,DoS Hulk
80,100409972,9,6,325,11595,325,0,36.11111111,108.3333333,4355,0,1932.5,2182.468304,118.7133087,0.149387553,7172140.857,26000000,97400000,3,100000000,12600000,34300000,97400000,83,5182,1036.4,1774.975155,4124,3,0,0,0,0,312,200,0.089632532,0.059755021,0,4355,745,1580.050674,2496560.133,0,0,0,0,1,0,0,0,0,794.6666667,36.11111111,1932.5,312,0,0,0,0,0,0,9,325,6,11595,251,235,1,32,806,0,806,806,97400000,0,97400000,97400000,DoS Hulk
80,101178498,10,6,362,11595,350,0,36.2,110.2862941,5792,0,1932.5,2537.820147,118.1772831,0.158136366,6745233.2,25300000,98200000,1,101000000,11200000,32600000,98200000,1,7160,1432,2636.740507,6093,2,0,0,0,0,320,200,0.098835229,0.059301137,0,5792,703.3529412,1701.517225,2895160.868,0,0,0,0,1,0,0,0,0,747.3125,36.2,1932.5,320,0,0,0,0,0,0,10,362,6,11595,274,235,3,20,1011,0,1011,1011,98200000,0,98200000,98200000,DoS Hulk
80,101156955,9,6,371,11595,365,0,41.22222222,121.4328804,4344,0,1932.5,2178.085008,118.2914215,0.148284416,7225496.786,26200000,98100000,1,101000000,12600000,34600000,98100000,1,4609,921.8,1734.428205,4016,16,0,0,0,0,300,200,0.08897065,0.059313766,0,4344,747.875,1577.166188,2487453.183,0,0,0,0,1,0,0,0,0,797.7333333,41.22222222,1932.5,300,0,0,0,0,0,0,9,371,6,11595,251,235,2,20,9,0,9,9,98100000,0,98100000,98100000,DoS Hulk
80,100922639,8,7,358,11595,340,0,44.75,119.3359603,5792,0,1656.428571,2429.118623,118.4372517,0.148628694,7208759.929,26100000,97900000,1,101000000,14400000,36800000,97900000,1,101000000,16800000,41200000,101000000,3,0,0,0,0,244,232,0.079268637,0.069360057,0,5792,747.4375,1747.133499,3052475.463,1,0,0,0,0,0,0,0,0,797.2666667,44.75,1656.428571,244,0,0,0,0,0,0,8,358,7,11595,0,235,3,20,16994,0,16994,16994,97900000,0,97900000,97900000,DoS Hulk
80,101084709,10,7,359,11595,359,0,35.9,113.525768,5792,0,1656.428571,2120.732252,118.2572529,0.168175782,6317794.313,24500000,98100000,2,101000000,11200000,32600000,98100000,3,1365,227.5,303.0351465,792,2,0,0,0,0,344,232,0.098926931,0.069248851,0,5792,664.1111111,1502.57461,2257730.458,0,0,0,0,1,0,0,0,0,703.1764706,35.9,1656.428571,344,0,0,0,0,0,0,10,359,7,11595,274,235,1,32,8007,0,8007,8007,98100000,0,98100000,98100000,DoS Hulk
80,101084659,8,7,335,11595,317,0,41.875,111.2069339,4355,0,1656.428571,2121.983652,118.0198867,0.148390469,7220332.786,26200000,98100000,2,101000000,14400000,36900000,98100000,54,101000000,16800000,41300000,101000000,2,0,0,0,0,244,232,0.079141584,0.069248886,0,4355,746,1579.441969,2494636.933,1,0,0,0,0,0,0,0,0,795.7333333,41.875,1656.428571,244,0,0,0,0,0,0,8,335,7,11595,0,235,3,20,17002,0,17002,17002,98100000,0,98100000,98100000,DoS Hulk
80,101084324,9,6,355,11595,355,0,39.44444444,118.3333333,4344,0,1932.5,1754.831473,118.2181324,0.148390961,7220308.857,26200000,98100000,1,101000000,12600000,34500000,98100000,1,8957,1791.4,3668.794121,8350,15,0,0,0,0,312,200,0.089034577,0.059356384,0,4344,746.875,1390.572394,1933691.583,0,0,0,0,1,0,0,0,0,796.6666667,39.44444444,1932.5,312,0,0,0,0,0,0,9,355,6,11595,251,235,1,32,5,0,5,5,98100000,0,98100000,98100000,DoS Hulk
80,101094022,8,7,392,11595,374,0,49,131.3533946,4355,0,1656.428571,2121.983652,118.5727876,0.148376726,7221001.571,26200000,98100000,3,101000000,14400000,36900000,98100000,293,101000000,16800000,41300000,101000000,3,0,0,0,0,244,232,0.079134254,0.069242472,0,4355,749.5625,1578.473819,2491579.596,1,0,0,0,0,0,0,0,0,799.5333333,49,1656.428571,244,0,0,0,0,0,0,8,392,7,11595,0,235,3,20,16976,0,16976,16976,98100000,0,98100000,98100000,DoS Hulk
80,101093232,7,6,386,11595,374,0,55.14285714,140.63123,10136,0,1932.5,4061.030399,118.5143631,0.128594167,8424436,28200000,98100000,2,101000000,16800000,39800000,98100000,57,101000000,20200000,45200000,101000000,2,0,0,0,0,224,200,0.069243013,0.059351154,0,10136,856.2142857,2699.62562,7287978.489,1,0,0,0,0,0,0,0,0,922.0769231,55.14285714,1932.5,224,0,0,0,0,0,0,7,386,6,11595,0,235,2,20,17000,0,17000,17000,98100000,0,98100000,98100000,DoS Hulk
80,101096094,8,7,352,11595,334,0,44,117.2153086,5792,0,1656.428571,2429.118623,118.1746943,0.148373685,7221149.571,26200000,98100000,2,101000000,14400000,36900000,98100000,2,101000000,16800000,41300000,101000000,14,0,0,0,0,244,232,0.079132632,0.069241053,0,5792,747.0625,1747.227422,3052803.663,1,0,0,0,0,0,0,0,0,796.8666667,44,1656.428571,244,0,0,0,0,0,0,8,352,7,11595,0,235,3,20,16991,0,16991,16991,98100000,0,98100000,98100000,DoS Hulk
80,113298367,7,6,351,11595,351,0,50.14285714,132.66553,5792,0,1932.5,2537.820147,105.4384129,0.114741283,9441530.583,28000000,97300000,1,113000000,18900000,38900000,97300000,1,2457,491.4,763.9183857,1795,2,0,0,0,0,240,200,0.061783768,0.052957515,0,5792,853.2857143,1850.983997,3426141.758,0,0,0,0,1,0,0,0,0,918.9230769,50.14285714,1932.5,240,0,0,0,0,0,0,7,351,6,11595,251,235,1,32,4,0,4,4,56600000,57400000,97300000,16000000,DoS Hulk
54870,120,1,0,10,0,5,5,5,0,0,0,0,0,500000,83333.3333,10,0,10,10,10,10,0,10,10,0,0,0,0,0,0,0,0,0,30,0,83333.3333,0,5,5,5,0,0,0,0,0,0,1,0,0,0,0,8,5,0,30,0,0,0,0,0,0,2,10,0,0,30,-1,1,15,0,0,0,0,0,0,0,0,U2R
54871,150,2,0,12,0,6,6,6,0,0,0,0,0,600000,120000,15,0,15,15,15,15,0,15,15,0,0,0,0,0,0,0,0,0,35,0,120000,0,6,6,6,0,0,0,0,0,0,1,0,0,0,0,9,6,0,35,0,0,0,0,0,0,2,12,0,0,33,-1,1,20,0,0,0,0,0,0,0,0,U2R
54872,95,1,0,8,0,4,4,4,0,0,0,0,0,400000,42105.26316,8,0,8,8,8,8,0,8,8,0,0,0,0,0,0,0,0,0,25,0,42105.26316,0,4,4,4,0,0,0,0,0,0,1,0,0,0,0,7,4,0,25,0,0,0,0,0,0,1,8,0,0,28,-1,1,12,0,0,0,0,0,0,0,0,U2R
54873,200,1,1,6,6,6,6,6,0,6,6,6,0,300000,150000,20,0,20,20,20,20,0,20,20,0,0,0,0,0,0,0,0,0,40,40,150000,150000,6,6,6,0,0,0,0,0,0,1,1,0,0,1,10,6,6,40,0,0,0,0,0,0,2,6,1,6,32,300,0,25,0,0,0,0,0,0,0,0,R2L
54874,180,2,1,12,6,6,6,6,0,6,6,6,0,400000,200000,18,0,18,18,18,18,0,18,18,0,0,0,0,0,0,0,0,0,38,38,200000,200000,6,6,6,0,0,0,0,0,0,1,1,0,0,1,9,6,6,38,0,0,0,0,0,0,2,6,1,6,31,256,0,20,0,0,0,0,0,0,0,0,R2L
54875,220,1,1,8,8,6,6,6,0,6,6,6,0,500000,250000,22,0,22,22,22,22,0,22,22,0,0,0,0,0,0,0,0,0,42,42,250000,250000,6,6,6,0,0,0,0,0,0,1,1,0,0,1,11,6,6,42,0,0,0,0,0,0,1,6,1,6,34,400,0,30,0,0,0,0,0,0,0,0,R2L
