Destination Port,Flow Duration,Total Fwd Packets,Total Backward Packets,Total Length of Fwd Packets,Total Length of Bwd Packets,Fwd Packet Length Mean,Fwd Packet Length Std,Bwd Packet Length Mean,Bwd Packet Length Std,Flow Bytes/s,Flow Packets/s,Flow IAT Mean,Flow IAT Std,Fwd IAT Mean,Bwd IAT Mean,FIN Flag Count,SYN Flag Count,RST Flag Count,PSH Flag Count,ACK Flag Count,URG Flag Count,Fwd Header Length,Bwd Header Length,Fwd Packets/s,Bwd Packets/s,Min Packet Length,Max Packet Length,Packet Length Mean,Packet Length Std,Average Packet Size,Avg Fwd Segment Size,Avg Bwd Segment Size,Init_Win_bytes_forward,Init_Win_bytes_backward,Active Mean,Idle Mean,Label
54865,3,2,0,12,0,6.0,0.0,0.0,0.0,4000000.0,666666.6667,3.0,0.0,3.0,0.0,0,0,0,0,1,0,40,0,666666.6667,0.0,6,6,6.0,0.0,9.0,6.0,0.0,33,-1,0,0,0
55054,109,1,1,6,6,6.0,0.0,6.0,0.0,110091.7431,18348.62385,109.0,0.0,0.0,0.0,0,0,0,0,1,1,20,20,9174.311927,9174.311927,6,6,6.0,0.0,9.0,6.0,6.0,29,256,0,0,0
55055,52,1,1,6,6,6.0,0.0,6.0,0.0,230769.2308,38461.53846,52.0,0.0,0.0,0.0,0,0,0,0,1,1,20,20,19230.76923,19230.76923,6,6,6.0,0.0,9.0,6.0,6.0,29,256,0,0,0
46236,34,1,1,6,6,6.0,0.0,6.0,0.0,352941.1765,58823.52941,34.0,0.0,0.0,0.0,0,0,0,0,1,1,20,20,29411.76471,29411.76471,6,6,6.0,0.0,9.0,6.0,6.0,31,329,0,0,0
54863,3,2,0,12,0,6.0,0.0,0.0,0.0,4000000.0,666666.6667,3.0,0.0,3.0,0.0,0,0,0,0,1,0,40,0,666666.6667,0.0,6,6,6.0,0.0,9.0,6.0,0.0,32,-1,0,0,0
54871,1022,2,0,12,0,6.0,0.0,0.0,0.0,11741.68297,1956.947162,1022.0,0.0,1022.0,0.0,0,0,0,0,1,0,40,0,1956.947162,0.0,6,6,6.0,0.0,9.0,6.0,0.0,32,-1,0,0,0
54925,4,2,0,12,0,6.0,0.0,0.0,0.0,3000000.0,500000.0,4.0,0.0,4.0,0.0,0,0,0,0,1,0,40,0,500000.0,0.0,6,6,6.0,0.0,9.0,6.0,0.0,32,-1,0,0,0
54925,42,1,1,6,6,6.0,0.0,6.0,0.0,285714.2857,47619.04762,42.0,0.0,0.0,0.0,0,0,0,0,1,0,20,20,23809.52381,23809.52381,6,6,6.0,0.0,9.0,6.0,6.0,32,256,0,0,0
9282,4,2,0,12,0,6.0,0.0,0.0,0.0,3000000.0,500000.0,4.0,0.0,4.0,0.0,0,0,0,0,1,0,40,0,500000.0,0.0,6,6,6.0,0.0,9.0,6.0,0.0,32,-1,0,0,0
55153,4,2,0,37,0,18.5,17.67766953,0.0,0.0,9250000.0,500000.0,4.0,0.0,4.0,0.0,0,1,0,0,1,0,40,0,500000.0,0.0,6,31,22.66666667,14.43375673,34.0,18.5,0.0,946,-1,0,0,0
55143,3,2,0,37,0,18.5,17.67766953,0.0,0.0,12300000.0,666666.6667,3.0,0.0,3.0,0.0,0,1,0,0,1,0,40,0,666666.6667,0.0,6,31,22.66666667,14.43375673,34.0,18.5,0.0,980,-1,0,0,0
55144,1,2,0,37,0,18.5,17.67766953,0.0,0.0,37000000.0,2000000.0,1.0,0.0,1.0,0.0,0,1,0,0,1,0,40,0,2000000.0,0.0,6,31,22.66666667,14.43375673,34.0,18.5,0.0,980,-1,0,0,0
55145,4,2,0,37,0,18.5,17.67766953,0.0,0.0,9250000.0,500000.0,4.0,0.0,4.0,0.0,0,1,0,0,1,0,40,0,500000.0,0.0,6,31,22.66666667,14.43375673,34.0,18.5,0.0,980,-1,0,0,0
55254,3,3,0,43,0,14.33333333,14.43375673,0.0,0.0,14300000.0,1000000.0,1.5,0.707106781,1.5,0.0,0,0,0,0,1,0,60,0,1000000.0,0.0,6,31,12.25,12.5,16.33333333,14.33333333,0.0,946,-1,0,0,0
36206,54,1,1,0,0,0.0,0.0,0.0,0.0,0.0,37037.03704,54.0,0.0,0.0,0.0,0,0,0,0,1,1,32,32,18518.51852,18518.51852,0,0,0.0,0.0,0.0,0.0,0.0,939,1269,0,0,0
53524,1,2,0,0,0,0.0,0.0,0.0,0.0,0.0,2000000.0,1.0,0.0,1.0,0.0,0,0,0,0,1,0,64,0,2000000.0,0.0,0,0,0.0,0.0,0.0,0.0,0.0,130,-1,0,0,0
53524,154,1,1,0,0,0.0,0.0,0.0,0.0,0.0,12987.01299,154.0,0.0,0.0,0.0,0,0,0,0,1,0,32,32,6493.506494,6493.506494,0,0,0.0,0.0,0.0,0.0,0.0,130,65535,0,0,0
53526,1,2,0,0,0,0.0,0.0,0.0,0.0,0.0,2000000.0,1.0,0.0,1.0,0.0,0,0,0,0,1,0,64,0,2000000.0,0.0,0,0,0.0,0.0,0.0,0.0,0.0,130,-1,0,0,0
53526,118,1,1,0,0,0.0,0.0,0.0,0.0,0.0,16949.15254,118.0,0.0,0.0,0.0,0,0,0,0,1,0,32,32,8474.576271,8474.576271,0,0,0.0,0.0,0.0,0.0,0.0,130,65535,0,0,0
53527,239,1,1,0,0,0.0,0.0,0.0,0.0,0.0,8368.200837,239.0,0.0,0.0,0.0,0,0,0,0,1,0,32,32,4184.100418,4184.100418,0,0,0.0,0.0,0.0,0.0,0.0,130,65535,0,0,0
53528,1,3,0,0,0,0.0,0.0,0.0,0.0,0.0,3000000.0,0.5,0.707106781,0.5,0.0,0,0,0,0,1,0,96,0,3000000.0,0.0,0,0,0.0,0.0,0.0,0.0,0.0,130,-1,0,0,0
53527,1,2,0,0,0,0.0,0.0,0.0,0.0,0.0,2000000.0,1.0,0.0,1.0,0.0,0,0,0,0,1,0,64,0,2000000.0,0.0,0,0,0.0,0.0,0.0,0.0,0.0,130,-1,0,0,0
55035,4,2,0,248,0,124.0,131.5218613,0.0,0.0,62000000.0,500000.0,4.0,0.0,4.0,0.0,0,1,0,0,1,0,40,0,500000.0,0.0,31,217,155.0,107.3871501,232.5,124.0,0.0,237,-1,0,0,0
55275,5,3,0,254,0,84.66666667,115.283708,0.0,0.0,50800000.0,600000.0,2.5,2.121320344,2.5,0.0,0,1,0,0,1,0,60,0,600000.0,0.0,6,217,117.75,115.0575943,157.0,84.66666667,0.0,123,-1,0,0,0
55277,4,2,0,12,0,6.0,0.0,0.0,0.0,3000000.0,500000.0,4.0,0.0,4.0,0.0,0,0,0,0,1,0,40,0,500000.0,0.0,6,6,6.0,0.0,9.0,6.0,0.0,35095,-1,0,0,0
8850,4,3,0,43,0,14.33333333,14.43375673,0.0,0.0,10800000.0,750000.0,2.0,1.414213562,2.0,0.0,0,0,0,0,1,0,60,0,750000.0,0.0,6,31,12.25,12.5,16.33333333,14.33333333,0.0,65,-1,0,0,0
43248,54,1,1,0,0,0.0,0.0,0.0,0.0,0.0,37037.03704,54.0,0.0,0.0,0.0,0,0,0,0,1,1,32,32,18518.51852,18518.51852,0,0,0.0,0.0,0.0,0.0,0.0,59,439,0,0,0
8678,42,3,0,43,0,14.33333333,14.43375673,0.0,0.0,1023809.524,71428.57143,21.0,25.45584412,21.0,0.0,0,0,0,0,1,0,60,0,71428.57143,0.0,6,31,12.25,12.5,16.33333333,14.33333333,0.0,64,-1,0,0,0
55063,4,2,0,37,0,18.5,17.67766953,0.0,0.0,9250000.0,500000.0,4.0,0.0,4.0,0.0,0,1,0,0,1,0,40,0,500000.0,0.0,6,31,22.66666667,14.43375673,34.0,18.5,0.0,60,-1,0,0,0
55203,3,2,0,37,0,18.5,17.67766953,0.0,0.0,12300000.0,666666.6667,3.0,0.0,3.0,0.0,0,1,0,0,1,0,40,0,666666.6667,0.0,6,31,22.66666667,14.43375673,34.0,18.5,0.0,60,-1,0,0,0
55140,3,2,0,37,0,18.5,17.67766953,0.0,0.0,12300000.0,666666.6667,3.0,0.0,3.0,0.0,0,1,0,0,1,0,40,0,666666.6667,0.0,6,31,22.66666667,14.43375673,34.0,18.5,0.0,62,-1,0,0,0
55180,737,2,1,37,6,18.5,17.67766953,6.0,0.0,58344.64043,4070.556309,368.5,310.4198769,737.0,0.0,0,1,0,0,1,0,40,20,2713.704206,1356.852103,6,31,18.5,14.43375673,24.66666667,18.5,6.0,62,0,0,0,0
55156,3,2,0,37,0,18.5,17.67766953,0.0,0.0,12300000.0,666666.6667,3.0,0.0,3.0,0.0,0,1,0,0,1,0,40,0,666666.6667,0.0,6,31,22.66666667,14.43375673,34.0,18.5,0.0,62,-1,0,0,0
55096,3,2,0,37,0,18.5,17.67766953,0.0,0.0,12300000.0,666666.6667,3.0,0.0,3.0,0.0,0,1,0,0,1,0,40,0,666666.6667,0.0,6,31,22.66666667,14.43375673,34.0,18.5,0.0,60,-1,0,0,0
55085,3,2,0,37,0,18.5,17.67766953,0.0,0.0,12300000.0,666666.6667,3.0,0.0,3.0,0.0,0,1,0,0,1,0,40,0,666666.6667,0.0,6,31,22.66666667,14.43375673,34.0,18.5,0.0,62,-1,0,0,0
8689,276,3,0,43,0,14.33333333,14.43375673,0.0,0.0,155797.1014,10869.56522,138.0,192.3330445,138.0,0.0,0,0,0,0,1,0,60,0,10869.56522,0.0,6,31,12.25,12.5,16.33333333,14.33333333,0.0,62,-1,0,0,0
8817,3,2,0,12,0,6.0,0.0,0.0,0.0,4000000.0,666666.6667,3.0,0.0,3.0,0.0,0,0,0,0,1,0,40,0,666666.6667,0.0,6,6,6.0,0.0,9.0,6.0,0.0,40905,-1,0,0,0
8816,3,2,0,12,0,6.0,0.0,0.0,0.0,4000000.0,666666.6667,3.0,0.0,3.0,0.0,0,0,0,0,1,0,40,0,666666.6667,0.0,6,6,6.0,0.0,9.0,6.0,0.0,40905,-1,0,0,0
8886,1,2,0,12,0,6.0,0.0,0.0,0.0,12000000.0,2000000.0,1.0,0.0,1.0,0.0,0,0,0,0,1,0,40,0,2000000.0,0.0,6,6,6.0,0.0,9.0,6.0,0.0,5114,-1,0,0,0
60350,105,1,1,6,6,6.0,0.0,6.0,0.0,114285.7143,19047.61905,105.0,0.0,0.0,0.0,0,0,0,0,1,1,20,20,9523.809524,9523.809524,6,6,6.0,0.0,9.0,6.0,6.0,1024,274,0,0,0
60346,66,1,1,6,6,6.0,0.0,6.0,0.0,181818.1818,30303.0303,66.0,0.0,0.0,0.0,0,0,0,0,1,1,20,20,15151.51515,15151.51515,6,6,6.0,0.0,9.0,6.0,6.0,1024,274,0,0,0
60352,68,1,1,6,6,6.0,0.0,6.0,0.0,176470.5882,29411.76471,68.0,0.0,0.0,0.0,0,0,0,0,1,1,20,20,14705.88235,14705.88235,6,6,6.0,0.0,9.0,6.0,6.0,1024,320,0,0,0
8833,48,2,0,12,0,6.0,0.0,0.0,0.0,250000.0,41666.66667,48.0,0.0,48.0,0.0,0,0,0,0,1,0,40,0,41666.66667,0.0,6,6,6.0,0.0,9.0,6.0,0.0,23,-1,0,0,0
9331,3,2,0,12,0,6.0,0.0,0.0,0.0,4000000.0,666666.6667,3.0,0.0,3.0,0.0,0,0,0,0,1,0,40,0,666666.6667,0.0,6,6,6.0,0.0,9.0,6.0,0.0,360,-1,0,0,0
9175,3,2,0,12,0,6.0,0.0,0.0,0.0,4000000.0,666666.6667,3.0,0.0,3.0,0.0,0,0,0,0,1,0,40,0,666666.6667,0.0,6,6,6.0,0.0,9.0,6.0,0.0,385,-1,0,0,0
8693,16,1,1,6,6,6.0,0.0,6.0,0.0,750000.0,125000.0,16.0,0.0,0.0,0.0,0,0,0,0,1,1,20,20,62500.0,62500.0,6,6,6.0,0.0,9.0,6.0,6.0,351,258,0,0,0
8695,63,1,1,6,6,6.0,0.0,6.0,0.0,190476.1905,31746.03175,63.0,0.0,0.0,0.0,0,0,0,0,1,1,20,20,15873.01587,15873.01587,6,6,6.0,0.0,9.0,6.0,6.0,360,255,0,0,0
8690,17,1,1,6,6,6.0,0.0,6.0,0.0,705882.3529,117647.0588,17.0,0.0,0.0,0.0,0,0,0,0,1,1,20,20,58823.52941,58823.52941,6,6,6.0,0.0,9.0,6.0,6.0,360,255,0,0,0
8694,123,1,1,6,6,6.0,0.0,6.0,0.0,97560.97561,16260.1626,123.0,0.0,0.0,0.0,0,0,0,0,1,1,20,20,8130.081301,8130.081301,6,6,6.0,0.0,9.0,6.0,6.0,360,255,0,0,0
80,444561,3,5,26,11607,8.666666667,10.26320288,2321.4,3327.769794,26167.3876,17.99528074,63508.71429,167471.0432,438.0,111127.25,0,0,0,1,0,0,72,112,6.748230277,11.24705046,0,7215,1292.555556,2650.585648,1454.125,8.666666667,2321.4,8192,229,0,0,1
80,6466374,4,0,24,0,6.0,0.0,0.0,0.0,3.711508181,0.618584697,2155458.0,3731633.45,2155458.0,0.0,0,0,0,0,1,0,80,0,0.618584697,0.0,6,6,6.0,0.0,7.5,6.0,0.0,256,-1,1997,6464377,1
80,444629,3,5,26,11607,8.666666667,10.26320288,2321.4,3173.373883,26163.38565,17.9925286,63518.42857,167496.7255,458.5,111124.0,0,0,0,1,0,0,72,112,6.747198226,11.24533038,0,5840,1292.555556,2554.159212,1454.125,8.666666667,2321.4,8192,229,0,0,1
80,6465089,5,0,30,0,6.0,0.0,0.0,0.0,4.640307349,0.773384558,1616272.25,3231880.533,1616272.25,0.0,0,0,0,0,1,0,100,0,0.773384558,0.0,6,6,6.0,0.0,7.2,6.0,0.0,256,-1,996,6464093,1
80,444662,3,4,26,11607,8.666666667,10.26320288,2901.75,5795.50069,26161.44397,15.74229415,74110.33333,180994.7374,431.5,148205.0,0,0,0,1,0,0,72,92,6.746697492,8.995596655,0,11595,1454.125,4097.537534,1661.857143,8.666666667,2901.75,8192,229,0,0,1
80,6463784,4,0,24,0,6.0,0.0,0.0,0.0,3.71299536,0.61883256,2154594.667,3730999.708,2154594.667,0.0,0,0,0,0,1,0,80,0,0.61883256,0.0,6,6,6.0,0.0,7.5,6.0,0.0,256,-1,1002,6462782,1
80,431186,3,5,26,11607,8.666666667,10.26320288,2321.4,3327.769794,26979.07632,18.55347808,61598.0,162438.8292,508.5,107785.0,0,0,0,1,0,0,72,112,6.957554281,11.5959238,0,7215,1292.555556,2650.585648,1454.125,8.666666667,2321.4,8192,229,0,0,1
80,6463847,5,0,30,0,6.0,0.0,0.0,0.0,4.641198964,0.773533161,1615961.75,3230835.559,1615961.75,0.0,0,0,0,0,1,0,100,0,0.773533161,0.0,6,6,6.0,0.0,7.2,6.0,0.0,256,-1,1632,6462215,1
80,429800,3,5,26,11607,8.666666667,10.26320288,2321.4,4413.201989,27066.07725,18.61330852,61400.0,161909.1881,473.0,107438.25,0,0,0,1,0,0,72,112,6.979990693,11.63331782,0,10135,1292.555556,3350.634907,1454.125,8.666666667,2321.4,8192,229,0,0,1
80,6464412,4,0,24,0,6.0,0.0,0.0,0.0,3.712634653,0.618772442,2154804.0,3731368.346,2154804.0,0.0,0,0,0,0,1,0,80,0,0.618772442,0.0,6,6,6.0,0.0,7.5,6.0,0.0,256,-1,995,6463417,1
80,450162,3,7,26,11601,8.666666667,10.26320288,1657.285714,1561.969346,25828.47953,22.2142251,50018.0,145067.5457,6480.5,75018.83333,0,0,0,1,0,0,72,152,6.66426753,15.54995757,0,4380,1057.0,1468.855269,1162.7,8.666666667,1657.285714,8192,229,0,0,1
80,6164860,5,0,30,0,6.0,0.0,0.0,0.0,4.866290556,0.811048426,1541215.0,3081104.035,1541215.0,0.0,0,0,0,0,1,0,100,0,0.811048426,0.0,6,6,6.0,0.0,7.2,6.0,0.0,256,-1,1989,6162871,1
80,450025,3,6,26,11601,8.666666667,10.26320288,1933.5,1757.789948,25836.34243,19.99888895,56253.125,153789.6537,6445.5,89991.8,0,0,0,1,0,0,72,132,6.666296317,13.33259263,0,4380,1162.7,1645.241762,1291.888889,8.666666667,1933.5,8192,229,0,0,1
80,6165881,5,0,30,0,6.0,0.0,0.0,0.0,4.865484754,0.810914126,1541470.25,3080947.941,1541470.25,0.0,0,0,0,0,1,0,100,0,0.810914126,0.0,6,6,6.0,0.0,7.2,6.0,0.0,256,-1,2989,6162892,1
80,450945,3,4,26,11601,8.666666667,10.26320288,2900.25,3540.00286,25783.63215,15.52295735,75157.5,177672.7366,6497.5,150297.6667,0,0,0,1,0,0,72,92,6.652696005,8.87026134,0,7215,1453.375,2786.259804,1661.0,8.666666667,2900.25,8192,229,0,0,1
80,6162869,5,0,30,0,6.0,0.0,0.0,0.0,4.867862679,0.811310446,1540717.25,3080765.869,1540717.25,0.0,0,0,0,0,1,0,100,0,0.811310446,0.0,6,6,6.0,0.0,7.2,6.0,0.0,256,-1,1003,6161866,1
80,769444,3,6,26,11607,8.666666667,10.26320288,1934.5,2538.919278,15118.70909,11.69675766,96180.5,271572.1189,402.0,153880.4,0,0,0,1,0,0,72,132,3.89891922,7.797838439,0,5840,1163.3,2138.329153,1292.555556,8.666666667,1934.5,8192,229,0,0,1
80,5836021,5,0,30,0,6.0,0.0,0.0,0.0,5.140488699,0.856748117,1459005.25,2917347.204,1459005.25,0.0,0,0,0,0,1,0,100,0,0.856748117,0.0,6,6,6.0,0.0,7.2,6.0,0.0,256,-1,995,5835026,1
80,769689,3,4,26,11607,8.666666667,10.26320288,2901.75,5795.50069,15113.89665,9.094582357,128281.5,313700.1258,402.5,256551.0,0,0,0,1,0,0,72,92,3.897678153,5.196904204,0,11595,1454.125,4097.537534,1661.857143,8.666666667,2901.75,8192,229,0,0,1
80,5833964,5,0,30,0,6.0,0.0,0.0,0.0,5.142301187,0.857050198,1458491.0,2915636.039,1458491.0,0.0,0,0,0,0,1,0,100,0,0.857050198,0.0,6,6,6.0,0.0,7.2,6.0,0.0,256,-1,2019,5831945,1
80,769271,3,6,26,11607,8.666666667,10.26320288,1934.5,2177.344966,15122.10911,11.69938812,96158.875,271620.8401,356.5,153841.4,0,0,0,1,0,0,72,132,3.899796041,7.799592081,0,4380,1163.3,1903.962654,1292.555556,8.666666667,1934.5,8192,229,0,0,1
80,5834853,4,0,24,0,6.0,0.0,0.0,0.0,4.113214163,0.685535694,1944951.0,3368749.62,1944951.0,0.0,0,0,0,0,1,0,80,0,0.685535694,0.0,6,6,6.0,0.0,7.5,6.0,0.0,256,-1,5,5834848,1
80,769485,3,4,26,11607,8.666666667,10.26320288,2901.75,5795.50069,15117.90353,9.096993444,128247.5,313744.6763,378.5,256478.3333,0,0,0,1,0,0,72,92,3.898711476,5.198281968,0,11595,1454.125,4097.537534,1661.857143,8.666666667,2901.75,8192,229,0,0,1
80,5831910,4,0,24,0,6.0,0.0,0.0,0.0,4.115289845,0.685881641,1943970.0,3366172.367,1943970.0,0.0,0,0,0,0,1,0,80,0,0.685881641,0.0,6,6,6.0,0.0,7.5,6.0,0.0,256,-1,1019,5830891,1
80,758952,3,5,26,11607,8.666666667,10.26320288,2321.4,4413.201989,15327.71506,10.54085107,108421.7143,286404.5687,367.0,189728.5,0,0,0,1,0,0,72,112,3.952819151,6.588031918,0,10135,1292.555556,3350.634907,1454.125,8.666666667,2321.4,8192,229,0,0,1
80,5821928,5,0,30,0,6.0,0.0,0.0,0.0,5.152932156,0.858822026,1455482.0,2910300.038,1455482.0,0.0,0,0,0,0,1,0,100,0,0.858822026,0.0,6,6,6.0,0.0,7.2,6.0,0.0,256,-1,996,5820932,1
80,634357,3,5,26,11607,8.666666667,10.26320288,2321.4,4413.201989,18338.25433,12.61119527,90622.42857,238851.0782,769.5,158549.0,0,0,0,1,0,0,72,112,4.729198227,7.881997046,0,10135,1292.555556,3350.634907,1454.125,8.666666667,2321.4,8192,229,0,0,1
80,5820863,5,0,30,0,6.0,0.0,0.0,0.0,5.153874949,0.858979158,1455215.75,2909093.653,1455215.75,0.0,0,0,0,0,1,0,100,0,0.858979158,0.0,6,6,6.0,0.0,7.2,6.0,0.0,256,-1,2007,5818856,1
80,634280,3,5,26,11607,8.666666667,10.26320288,2321.4,4455.182578,18340.48054,12.61272624,90611.42857,238837.5024,735.0,158564.75,0,0,0,1,0,0,72,112,4.72977234,7.8829539,0,10220,1292.555556,3378.299021,1454.125,8.666666667,2321.4,8192,229,0,0,1
80,5822878,5,0,30,0,6.0,0.0,0.0,0.0,5.152091457,0.85868191,1455719.5,2908101.289,1455719.5,0.0,0,0,0,0,1,0,100,0,0.85868191,0.0,6,6,6.0,0.0,7.2,6.0,0.0,256,-1,5008,5817870,1
80,634183,3,6,26,11607,8.666666667,10.26320288,1934.5,2538.919278,18343.28577,14.19148732,79272.875,223404.883,710.0,126807.4,0,0,0,1,0,0,72,132,4.730495772,9.460991543,0,5840,1163.3,2138.329153,1292.555556,8.666666667,1934.5,8192,229,0,0,1
80,5820910,5,0,30,0,6.0,0.0,0.0,0.0,5.153833335,0.858972223,1455227.5,2907786.278,1455227.5,0.0,0,0,0,0,1,0,100,0,0.858972223,0.0,6,6,6.0,0.0,7.2,6.0,0.0,256,-1,4004,5816906,1
80,634178,3,4,26,11607,8.666666667,10.26320288,2901.75,5795.50069,18343.43039,11.03791049,105696.3333,258028.9024,733.5,211344.6667,0,0,0,1,0,0,72,92,4.730533068,6.307377424,0,11595,1454.125,4097.537534,1661.857143,8.666666667,2901.75,8192,229,0,0,1
80,5818909,5,0,30,0,6.0,0.0,0.0,0.0,5.15560563,0.859267605,1454727.25,2908789.871,1454727.25,0.0,0,0,0,0,1,0,100,0,0.859267605,0.0,6,6,6.0,0.0,7.2,6.0,0.0,256,-1,997,5817912,1
80,635751,3,6,26,11607,8.666666667,10.26320288,1934.5,2538.919278,18298.04436,14.15648579,79468.875,223892.2391,720.5,127143.2,0,0,0,1,0,0,72,132,4.718828598,9.437657196,0,5840,1163.3,2138.329153,1292.555556,8.666666667,1934.5,8192,229,0,0,1
80,634144,3,6,26,11607,8.666666667,10.26320288,1934.5,2177.344966,18344.41389,14.19236009,79268.0,223502.6124,653.5,126824.4,0,0,0,1,0,0,72,132,4.730786698,9.461573397,0,4380,1163.3,1903.962654,1292.555556,8.666666667,1934.5,8192,229,0,0,1
80,5817883,4,0,24,0,6.0,0.0,0.0,0.0,4.125211868,0.687535311,1939294.333,3358951.986,1939294.333,0.0,0,0,0,0,1,0,80,0,0.687535311,0.0,6,6,6.0,0.0,7.5,6.0,0.0,256,-1,5,5817878,1
80,635639,3,6,26,11607,8.666666667,10.26320288,1934.5,2538.919278,18301.26849,14.15898018,79454.875,223752.9046,946.0,127112.2,0,0,0,1,0,0,72,132,4.719660059,9.439320117,0,5840,1163.3,2138.329153,1292.555556,8.666666667,1934.5,8192,229,0,0,1
80,620534,3,4,26,11607,8.666666667,10.26320288,2901.75,5795.50069,18746.75683,11.2806067,103422.3333,252877.4829,423.0,206829.0,0,0,0,1,0,0,72,92,4.83454573,6.446060973,0,11595,1454.125,4097.537534,1661.857143,8.666666667,2901.75,8192,229,0,0,1
80,620734,3,4,26,11607,8.666666667,10.26320288,2901.75,5795.50069,18740.71664,11.2769721,103455.6667,252930.6698,447.5,206885.6667,0,0,0,1,0,0,72,92,4.832988043,6.443984058,0,11595,1454.125,4097.537534,1661.857143,8.666666667,2901.75,8192,229,0,0,1
80,620417,3,5,26,11607,8.666666667,10.26320288,2321.4,4455.182578,18750.29214,12.89455318,88631.0,234131.8774,371.0,155100.75,0,0,0,1,0,0,72,112,4.835457442,8.059095737,0,10220,1292.555556,3378.299021,1454.125,8.666666667,2321.4,8192,229,0,0,1
80,620558,3,5,26,11607,8.666666667,10.26320288,2321.4,3327.769794,18746.0318,12.89162335,88651.14286,234119.9023,361.5,155135.5,0,0,0,1,0,0,72,112,4.834358755,8.057264591,0,7215,1292.555556,2650.585648,1454.125,8.666666667,2321.4,8192,229,0,0,1
80,620770,3,5,26,11607,8.666666667,10.26320288,2321.4,3327.769794,18739.62981,12.88722071,88681.42857,234166.9479,371.5,155181.25,0,0,0,1,0,0,72,112,4.832707766,8.054512944,0,7215,1292.555556,2650.585648,1454.125,8.666666667,2321.4,8192,229,0,0,1
80,325629,3,5,26,11607,8.666666667,10.26320288,2321.4,3173.373883,35724.70511,24.5678364,46518.42857,122592.6764,426.0,81384.25,0,0,0,1,0,0,72,112,9.212938651,15.35489775,0,5840,1292.555556,2554.159212,1454.125,8.666666667,2321.4,8192,229,0,0,1
80,325585,3,4,26,11607,8.666666667,10.26320288,2901.75,5795.50069,35729.53299,21.49976197,54264.16667,132450.9351,406.5,108516.6667,0,0,0,1,0,0,72,92,9.2141837,12.28557827,0,11595,1454.125,4097.537534,1661.857143,8.666666667,2901.75,8192,229,0,0,1
80,325708,3,5,26,11607,8.666666667,10.26320288,2321.4,3173.373883,35716.04013,24.56187751,46529.71429,122629.5937,374.0,81415.0,0,0,0,1,0,0,72,112,9.210704066,15.35117344,0,5840,1292.555556,2554.159212,1454.125,8.666666667,2321.4,8192,229,0,0,1
80,1164403,3,6,26,11601,8.666666667,10.26320288,1933.5,1495.722401,9985.374479,7.729282731,145550.375,401799.6083,11981.0,232880.4,0,0,0,1,0,0,72,132,2.576427577,5.152855154,0,2920,1162.7,1494.366611,1291.888889,8.666666667,1933.5,8192,229,0,0,1
80,4639314,5,0,30,0,6.0,0.0,0.0,0.0,6.466473276,1.077745546,1159828.5,2316328.955,1159828.5,0.0,0,0,0,0,1,0,100,0,1.077745546,0.0,6,6,6.0,0.0,7.2,6.0,0.0,256,-1,0,0,1
80,1164347,3,6,26,11601,8.666666667,10.26320288,1933.5,1757.789948,9985.854732,7.729654476,145543.375,401818.4238,12039.5,232867.4,0,0,0,1,0,0,72,132,2.576551492,5.153102984,0,4380,1162.7,1645.241762,1291.888889,8.666666667,1933.5,8192,229,0,0,1
80,6470015,4,0,24,0,6.0,0.0,0.0,0.0,3.70941953,0.618236588,2156671.667,3734680.284,2156671.667,0.0,0,0,0,0,1,0,80,0,0.618236588,0.0,6,6,6.0,0.0,7.5,6.0,0.0,256,-1,906,6469109,1
5822,58,1,1,2,6,2.0,0.0,6.0,0.0,137931.0345,34482.75862,58.0,0.0,0.0,0.0,0,0,0,1,0,0,24,20,17241.37931,17241.37931,2,6,3.333333333,2.309401077,5.0,2.0,6.0,1024,0,0,0,3
2007,51,1,1,2,6,2.0,0.0,6.0,0.0,156862.7451,39215.68627,51.0,0.0,0.0,0.0,0,0,0,1,0,0,24,20,19607.84314,19607.84314,2,6,3.333333333,2.309401077,5.0,2.0,6.0,1024,0,0,0,3
5961,88,1,1,2,6,2.0,0.0,6.0,0.0,90909.09091,22727.27273,88.0,0.0,0.0,0.0,0,0,0,1,0,0,24,20,11363.63636,11363.63636,2,6,3.333333333,2.309401077,5.0,2.0,6.0,1024,0,0,0,3
3324,93,1,1,2,6,2.0,0.0,6.0,0.0,86021.50538,21505.37634,93.0,0.0,0.0,0.0,0,0,0,1,0,0,24,20,10752.68817,10752.68817,2,6,3.333333333,2.309401077,5.0,2.0,6.0,1024,0,0,0,3
5960,39,1,1,2,6,2.0,0.0,6.0,0.0,205128.2051,51282.05128,39.0,0.0,0.0,0.0,0,0,0,1,0,0,24,20,25641.02564,25641.02564,2,6,3.333333333,2.309401077,5.0,2.0,6.0,1024,0,0,0,3
3325,82,1,1,2,6,2.0,0.0,6.0,0.0,97560.97561,24390.2439,82.0,0.0,0.0,0.0,0,0,0,1,0,0,24,20,12195.12195,12195.12195,2,6,3.333333333,2.309401077,5.0,2.0,6.0,1024,0,0,0,3
5963,57,1,1,2,6,2.0,0.0,6.0,0.0,140350.8772,35087.7193,57.0,0.0,0.0,0.0,0,0,0,1,0,0,24,20,17543.85965,17543.85965,2,6,3.333333333,2.309401077,5.0,2.0,6.0,1024,0,0,0,3
139,596,2,1,8,2,4.0,2.828427125,2.0,0.0,16778.52349,5033.557047,298.0,364.8670991,596.0,0.0,0,0,0,1,0,0,44,24,3355.704698,1677.852349,2,6,3.0,2.0,4.0,4.0,2.0,1024,29200,0,0,3
5962,56,1,1,2,6,2.0,0.0,6.0,0.0,142857.1429,35714.28571,56.0,0.0,0.0,0.0,0,0,0,1,0,0,24,20,17857.14286,17857.14286,2,6,3.333333333,2.309401077,5.0,2.0,6.0,1024,0,0,0,3
24444,49,1,1,2,6,2.0,0.0,6.0,0.0,163265.3061,40816.32653,49.0,0.0,0.0,0.0,0,0,0,1,0,0,24,20,20408.16327,20408.16327,2,6,3.333333333,2.309401077,5.0,2.0,6.0,1024,0,0,0,3
135,48,1,1,2,6,2.0,0.0,6.0,0.0,166666.6667,41666.66667,48.0,0.0,0.0,0.0,0,0,0,1,0,0,24,20,20833.33333,20833.33333,2,6,3.333333333,2.309401077,5.0,2.0,6.0,1024,0,0,0,3
38292,34,1,1,2,6,2.0,0.0,6.0,0.0,235294.1176,58823.52941,34.0,0.0,0.0,0.0,0,0,0,1,0,0,24,20,29411.76471,29411.76471,2,6,3.333333333,2.309401077,5.0,2.0,6.0,1024,0,0,0,3
5825,24,1,1,2,6,2.0,0.0,6.0,0.0,333333.3333,83333.33333,24.0,0.0,0.0,0.0,0,0,0,1,0,0,24,20,41666.66667,41666.66667,2,6,3.333333333,2.309401077,5.0,2.0,6.0,1024,0,0,0,3
179,48,1,1,2,6,2.0,0.0,6.0,0.0,166666.6667,41666.66667,48.0,0.0,0.0,0.0,0,0,0,1,0,0,24,20,20833.33333,20833.33333,2,6,3.333333333,2.309401077,5.0,2.0,6.0,1024,0,0,0,3
13783,28,1,1,2,6,2.0,0.0,6.0,0.0,285714.2857,71428.57143,28.0,0.0,0.0,0.0,0,0,0,1,0,0,24,20,35714.28571,35714.28571,2,6,3.333333333,2.309401077,5.0,2.0,6.0,1024,0,0,0,3
2022,44,1,1,2,6,2.0,0.0,6.0,0.0,181818.1818,45454.54545,44.0,0.0,0.0,0.0,0,0,0,1,0,0,24,20,22727.27273,22727.27273,2,6,3.333333333,2.309401077,5.0,2.0,6.0,1024,0,0,0,3
13782,27,1,1,2,6,2.0,0.0,6.0,0.0,296296.2963,74074.07407,27.0,0.0,0.0,0.0,0,0,0,1,0,0,24,20,37037.03704,37037.03704,2,6,3.333333333,2.309401077,5.0,2.0,6.0,1024,0,0,0,3
2809,43,1,1,2,6,2.0,0.0,6.0,0.0,186046.5116,46511.62791,43.0,0.0,0.0,0.0,0,0,0,1,0,0,24,20,23255.81395,23255.81395,2,6,3.333333333,2.309401077,5.0,2.0,6.0,1024,0,0,0,3
2021,28,1,1,2,6,2.0,0.0,6.0,0.0,285714.2857,71428.57143,28.0,0.0,0.0,0.0,0,0,0,1,0,0,24,20,35714.28571,35714.28571,2,6,3.333333333,2.309401077,5.0,2.0,6.0,1024,0,0,0,3
8089,42,1,1,2,6,2.0,0.0,6.0,0.0,190476.1905,47619.04762,42.0,0.0,0.0,0.0,0,0,0,1,0,0,24,20,23809.52381,23809.52381,2,6,3.333333333,2.309401077,5.0,2.0,6.0,1024,0,0,0,3
5054,48,1,1,2,6,2.0,0.0,6.0,0.0,166666.6667,41666.66667,48.0,0.0,0.0,0.0,0,0,0,1,0,0,24,20,20833.33333,20833.33333,2,6,3.333333333,2.309401077,5.0,2.0,6.0,1024,0,0,0,3
2020,52,1,1,2,6,2.0,0.0,6.0,0.0,153846.1538,38461.53846,52.0,0.0,0.0,0.0,0,0,0,1,0,0,24,20,19230.76923,19230.76923,2,6,3.333333333,2.309401077,5.0,2.0,6.0,1024,0,0,0,3
8873,44,1,1,2,6,2.0,0.0,6.0,0.0,181818.1818,45454.54545,44.0,0.0,0.0,0.0,0,0,0,1,0,0,24,20,22727.27273,22727.27273,2,6,3.333333333,2.309401077,5.0,2.0,6.0,1024,0,0,0,3
4662,15,1,1,2,6,2.0,0.0,6.0,0.0,533333.3333,133333.3333,15.0,0.0,0.0,0.0,0,0,0,1,0,0,24,20,66666.66667,66666.66667,2,6,3.333333333,2.309401077,5.0,2.0,6.0,1024,0,0,0,3
7402,44,1,1,2,6,2.0,0.0,6.0,0.0,181818.1818,45454.54545,44.0,0.0,0.0,0.0,0,0,0,1,0,0,24,20,22727.27273,22727.27273,2,6,3.333333333,2.309401077,5.0,2.0,6.0,1024,0,0,0,3
8087,67,1,1,2,6,2.0,0.0,6.0,0.0,119402.9851,29850.74627,67.0,0.0,0.0,0.0,0,0,0,1,0,0,24,20,14925.37313,14925.37313,2,6,3.333333333,2.309401077,5.0,2.0,6.0,1024,0,0,0,3
8088,63,1,1,2,6,2.0,0.0,6.0,0.0,126984.127,31746.03175,63.0,0.0,0.0,0.0,0,0,0,1,0,0,24,20,15873.01587,15873.01587,2,6,3.333333333,2.309401077,5.0,2.0,6.0,1024,0,0,0,3
40193,48,1,1,2,6,2.0,0.0,6.0,0.0,166666.6667,41666.66667,48.0,0.0,0.0,0.0,0,0,0,1,0,0,24,20,20833.33333,20833.33333,2,6,3.333333333,2.309401077,5.0,2.0,6.0,1024,0,0,0,3
8085,44,1,1,2,6,2.0,0.0,6.0,0.0,181818.1818,45454.54545,44.0,0.0,0.0,0.0,0,0,0,1,0,0,24,20,22727.27273,22727.27273,2,6,3.333333333,2.309401077,5.0,2.0,6.0,1024,0,0,0,3
5051,107,1,1,2,6,2.0,0.0,6.0,0.0,74766.35514,18691.58879,107.0,0.0,0.0,0.0,0,0,0,1,0,0,24,20,9345.794393,9345.794393,2,6,3.333333333,2.309401077,5.0,2.0,6.0,1024,0,0,0,3
5050,44,1,1,2,6,2.0,0.0,6.0,0.0,181818.1818,45454.54545,44.0,0.0,0.0,0.0,0,0,0,1,0,0,24,20,22727.27273,22727.27273,2,6,3.333333333,2.309401077,5.0,2.0,6.0,1024,0,0,0,3
8086,44,1,1,2,6,2.0,0.0,6.0,0.0,181818.1818,45454.54545,44.0,0.0,0.0,0.0,0,0,0,1,0,0,24,20,22727.27273,22727.27273,2,6,3.333333333,2.309401077,5.0,2.0,6.0,1024,0,0,0,3
2161,65,1,1,2,6,2.0,0.0,6.0,0.0,123076.9231,30769.23077,65.0,0.0,0.0,0.0,0,0,0,1,0,0,24,20,15384.61538,15384.61538,2,6,3.333333333,2.309401077,5.0,2.0,6.0,1024,0,0,0,3
8083,32,1,1,2,6,2.0,0.0,6.0,0.0,250000.0,62500.0,32.0,0.0,0.0,0.0,0,0,0,1,0,0,24,20,31250.0,31250.0,2,6,3.333333333,2.309401077,5.0,2.0,6.0,1024,0,0,0,3
2160,75,1,1,2,6,2.0,0.0,6.0,0.0,106666.6667,26666.66667,75.0,0.0,0.0,0.0,0,0,0,1,0,0,24,20,13333.33333,13333.33333,2,6,3.333333333,2.309401077,5.0,2.0,6.0,1024,0,0,0,3
9900,49,1,1,2,6,2.0,0.0,6.0,0.0,163265.3061,40816.32653,49.0,0.0,0.0,0.0,0,0,0,1,0,0,24,20,20408.16327,20408.16327,2,6,3.333333333,2.309401077,5.0,2.0,6.0,1024,0,0,0,3
2800,69,1,1,2,6,2.0,0.0,6.0,0.0,115942.029,28985.50725,69.0,0.0,0.0,0.0,0,0,0,1,0,0,24,20,14492.75362,14492.75362,2,6,3.333333333,2.309401077,5.0,2.0,6.0,1024,0,0,0,3
8084,45,1,1,2,6,2.0,0.0,6.0,0.0,177777.7778,44444.44444,45.0,0.0,0.0,0.0,0,0,0,1,0,0,24,20,22222.22222,22222.22222,2,6,3.333333333,2.309401077,5.0,2.0,6.0,1024,0,0,0,3
5190,43,1,1,2,6,2.0,0.0,6.0,0.0,186046.5116,46511.62791,43.0,0.0,0.0,0.0,0,0,0,1,0,0,24,20,23255.81395,23255.81395,2,6,3.333333333,2.309401077,5.0,2.0,6.0,1024,0,0,0,3
8081,49,1,1,2,6,2.0,0.0,6.0,0.0,163265.3061,40816.32653,49.0,0.0,0.0,0.0,0,0,0,1,0,0,24,20,20408.16327,20408.16327,2,6,3.333333333,2.309401077,5.0,2.0,6.0,1024,0,0,0,3
8080,101,1,1,2,6,2.0,0.0,6.0,0.0,79207.92079,19801.9802,101.0,0.0,0.0,0.0,0,0,0,1,0,0,24,20,9900.990099,9900.990099,2,6,3.333333333,2.309401077,5.0,2.0,6.0,1024,0,0,0,3
8082,46,1,1,2,6,2.0,0.0,6.0,0.0,173913.0435,43478.26087,46.0,0.0,0.0,0.0,0,0,0,1,0,0,24,20,21739.13043,21739.13043,2,6,3.333333333,2.309401077,5.0,2.0,6.0,1024,0,0,0,3
6389,64,1,1,2,6,2.0,0.0,6.0,0.0,125000.0,31250.0,64.0,0.0,0.0,0.0,0,0,0,1,0,0,24,20,15625.0,15625.0,2,6,3.333333333,2.309401077,5.0,2.0,6.0,1024,0,0,0,3
3351,42,1,1,2,6,2.0,0.0,6.0,0.0,190476.1905,47619.04762,42.0,0.0,0.0,0.0,0,0,0,1,0,0,24,20,23809.52381,23809.52381,2,6,3.333333333,2.309401077,5.0,2.0,6.0,1024,0,0,0,3
2030,19,1,1,2,6,2.0,0.0,6.0,0.0,421052.6316,105263.1579,19.0,0.0,0.0,0.0,0,0,0,1,0,0,24,20,52631.57895,52631.57895,2,6,3.333333333,2.309401077,5.0,2.0,6.0,1024,0,0,0,3
1782,15,1,1,2,6,2.0,0.0,6.0,0.0,533333.3333,133333.3333,15.0,0.0,0.0,0.0,0,0,0,1,0,0,24,20,66666.66667,66666.66667,2,6,3.333333333,2.309401077,5.0,2.0,6.0,1024,0,0,0,3
52848,42,1,1,2,6,2.0,0.0,6.0,0.0,190476.1905,47619.04762,42.0,0.0,0.0,0.0,0,0,0,1,0,0,24,20,23809.52381,23809.52381,2,6,3.333333333,2.309401077,5.0,2.0,6.0,1024,0,0,0,3
3493,19,1,1,2,6,2.0,0.0,6.0,0.0,421052.6316,105263.1579,19.0,0.0,0.0,0.0,0,0,0,1,0,0,24,20,52631.57895,52631.57895,2,6,3.333333333,2.309401077,5.0,2.0,6.0,1024,0,0,0,3
2035,45,1,1,2,6,2.0,0.0,6.0,0.0,177777.7778,44444.44444,45.0,0.0,0.0,0.0,0,0,0,1,0,0,24,20,22222.22222,22222.22222,2,6,3.333333333,2.309401077,5.0,2.0,6.0,1024,0,0,0,3
17988,49,1,1,2,6,2.0,0.0,6.0,0.0,163265.3061,40816.32653,49.0,0.0,0.0,0.0,0,0,0,1,0,0,24,20,20408.16327,20408.16327,2,6,3.333333333,2.309401077,5.0,2.0,6.0,1024,0,0,0,3
80,99248750,8,8,403,13043,50.375,132.8177457,1630.375,1964.798931,135.4777768,0.161211098,6616583.333,25300000.0,14200000.0,14200000.0,1,0,0,0,0,0,224,264,0.080605549,0.080605549,0,5792,791.2941176,1536.785556,840.75,50.375,1630.375,0,235,192634,97900000,2
80,99231842,6,8,392,11595,65.33333333,154.1825758,1449.375,2046.673464,120.7979189,0.141083746,7633218.615,27200000.0,19800000.0,14200000.0,1,0,0,0,0,0,184,264,0.060464463,0.080619283,0,5792,799.5333333,1618.714519,856.6428571,65.33333333,1449.375,0,235,17011,98100000,2
80,99226732,9,6,368,11595,40.88888889,122.6666667,1932.5,1754.831473,120.5622694,0.151168941,7087623.714,26200000.0,12400000.0,29492.4,0,0,0,0,1,0,304,200,0.090701365,0.060467576,0,4344,747.6875,1390.331937,797.5333333,40.88888889,1932.5,274,235,992,98100000,2
80,99228718,7,5,366,11595,52.28571429,138.3349971,2319.0,2196.731436,120.539701,0.120932732,9020792.545,29500000.0,16500000.0,36127.0,0,0,0,0,1,0,240,168,0.070544094,0.050388638,0,4344,920.0769231,1715.620318,996.75,52.28571429,2319.0,274,235,4,98100000,2
80,99440728,9,7,730,11595,81.11111111,154.1715315,1656.428571,2120.732252,123.9431795,0.160899868,6629381.867,25300000.0,12400000.0,16600000.0,1,0,0,0,0,0,256,232,0.090506176,0.070393692,0,5792,725.3529412,1530.857437,770.6875,81.11111111,1656.428571,0,235,18023,98100000,2
80,99693721,11,6,915,11595,83.18181818,142.4653068,1932.5,1977.812908,125.4843322,0.170522274,6230857.563,24500000.0,9955716.7,112893.8,0,0,0,0,1,0,368,200,0.110337942,0.060184332,0,4344,695.0,1404.837901,735.8823529,83.18181818,1932.5,274,235,976,98100000,2
80,99436748,10,6,690,11595,69.0,145.4647724,1932.5,2181.008184,123.5458746,0.160906308,6629116.533,25300000.0,11000000.0,72083.6,0,0,0,0,1,0,336,200,0.100566442,0.060339865,0,5792,722.6470588,1531.985066,767.8125,69.0,1932.5,274,235,1007,98100000,2
80,99438834,8,7,596,11595,74.5,132.4214053,1656.428571,2119.480114,122.5979782,0.150846499,7102773.857,26200000.0,14200000.0,16600000.0,1,0,0,0,0,0,236,232,0.080451466,0.070395033,0,5792,762.3125,1571.172077,813.1333333,74.5,1656.428571,0,235,17956,98100000,2
80,99290618,8,6,638,11595,79.75,142.140524,1932.5,3126.682571,123.2039869,0.14100023,7637739.846,27100000.0,14200000.0,19900000.0,1,0,0,0,0,0,236,200,0.08057156,0.06042867,0,7240,815.9333333,2095.815439,874.2142857,79.75,1932.5,0,235,16975,97900000,2
80,99290711,8,7,760,11595,95.0,170.3735392,1656.428571,2120.732252,124.4325866,0.151071534,7092193.643,26100000.0,14200000.0,16500000.0,1,0,0,0,0,0,236,232,0.080571485,0.070500049,0,5792,772.5625,1568.802132,824.0666667,95.0,1656.428571,0,235,17004,97900000,2
80,99583895,12,6,963,11595,80.25,145.1777124,1932.5,3126.682571,126.1047281,0.180752119,5857876.176,23800000.0,9046836.727,101123.8,0,0,0,0,1,0,400,200,0.120501412,0.060250706,0,7240,660.9473684,1875.233362,697.6666667,80.25,1932.5,251,235,6021,98100000,2
80,99386711,9,7,966,11595,107.3333333,156.521564,1656.428571,1760.597234,126.385106,0.160987318,6625780.733,25300000.0,12400000.0,16600000.0,1,0,0,0,0,0,268,232,0.090555366,0.070431951,0,4344,739.2352941,1341.972593,785.4375,107.3333333,1656.428571,0,235,16987,97900000,2
80,99766744,11,6,1416,11595,128.7272727,173.8626417,1932.5,2181.008184,130.4141989,0.170397462,6235421.5,24400000.0,9976617.3,20000000.0,1,0,0,0,0,0,320,200,0.110257181,0.060140281,0,4344,723.1666667,1480.509779,765.7058824,128.7272727,1932.5,0,235,16992,97900000,2
80,100254053,9,7,395,11595,43.88888889,122.703346,1656.428571,2429.118623,119.5961624,0.159594545,6683603.533,25100000.0,12500000.0,16700000.0,1,0,0,0,0,0,264,232,0.089771932,0.069822614,0,5792,705.6470588,1700.787903,749.75,43.88888889,1656.428571,0,235,2947,97200000,2
57452,83829317,7,6,11595,346,1656.428571,2118.227235,57.66666667,132.468361,142.4442,0.155077012,6985776.417,24100000.0,14000000.0,16700000.0,0,0,0,0,1,0,232,164,0.083503006,0.071574006,0,4344,852.9285714,1665.266921,918.5384615,1656.428571,57.66666667,235,229,11006,83700000,0
80,100832978,11,5,322,11595,29.27272727,97.08665295,2319.0,2423.629716,118.1855404,0.158678245,6722198.533,25200000.0,10100000.0,2168.0,0,0,0,0,1,0,376,168,0.109091294,0.049586952,0,5792,701.0,1622.779175,744.8125,29.27272727,2319.0,274,235,8,97800000,2
80,101035159,9,5,436,11595,48.44444444,136.3663367,2319.0,5185.44164,119.07736,0.138565625,7771935.308,27100000.0,12600000.0,25300000.0,1,0,0,0,0,0,264,168,0.089077902,0.049487723,0,11595,802.4666667,2987.52953,859.7857143,48.44444444,2319.0,0,235,12977,98000000,2
80,100673150,10,8,2298,11595,229.8,195.2086064,1449.375,1729.380148,138.001046,0.178796432,5921950.0,23600000.0,11200000.0,14400000.0,1,0,0,0,0,0,304,264,0.099331351,0.079465081,0,4344,731.5263158,1257.077359,772.1666667,229.8,1449.375,0,235,10020,97300000,2
80,100400623,11,7,373,11595,33.90909091,112.4637315,1656.428571,2119.480114,119.2024476,0.179281756,5905919.0,23600000.0,10000000.0,214.5,0,0,0,0,1,0,376,232,0.109561073,0.069720683,0,5792,629.8947368,1467.424308,664.8888889,33.90909091,1656.428571,251,235,4041,97400000,2
80,100418706,8,6,432,11595,54.0,145.4922678,1932.5,4065.734263,119.768522,0.139416256,7724515.846,27000000.0,14300000.0,20100000.0,1,0,0,0,0,0,244,200,0.079666432,0.059749824,0,10147,802.2,2612.83891,859.5,54.0,1932.5,0,235,8010,97400000,2
80,100418815,8,6,361,11595,45.125,127.632774,1932.5,2537.820147,119.0613532,0.139416104,7724524.231,27000000.0,14300000.0,221.2,0,0,0,0,1,0,280,200,0.079666345,0.059749759,0,5792,797.0666667,1797.03297,854.0,45.125,1932.5,251,235,267,97400000,2
80,100409972,9,6,325,11595,36.11111111,108.3333333,1932.5,2182.468304,118.7133087,0.149387553,7172140.857,26000000.0,12600000.0,1036.4,0,0,0,0,1,0,312,200,0.089632532,0.059755021,0,4355,745.0,1580.050674,794.6666667,36.11111111,1932.5,251,235,806,97400000,2
80,101178498,10,6,362,11595,36.2,110.2862941,1932.5,2537.820147,118.1772831,0.158136366,6745233.2,25300000.0,11200000.0,1432.0,0,0,0,0,1,0,320,200,0.098835229,0.059301137,0,5792,703.3529412,1701.517225,747.3125,36.2,1932.5,274,235,1011,98200000,2
80,101156955,9,6,371,11595,41.22222222,121.4328804,1932.5,2178.085008,118.2914215,0.148284416,7225496.786,26200000.0,12600000.0,921.8,0,0,0,0,1,0,300,200,0.08897065,0.059313766,0,4344,747.875,1577.166188,797.7333333,41.22222222,1932.5,251,235,9,98100000,2
80,100922639,8,7,358,11595,44.75,119.3359603,1656.428571,2429.118623,118.4372517,0.148628694,7208759.929,26100000.0,14400000.0,16800000.0,1,0,0,0,0,0,244,232,0.079268637,0.069360057,0,5792,747.4375,1747.133499,797.2666667,44.75,1656.428571,0,235,16994,97900000,2
80,101084709,10,7,359,11595,35.9,113.525768,1656.428571,2120.732252,118.2572529,0.168175782,6317794.313,24500000.0,11200000.0,227.5,0,0,0,0,1,0,344,232,0.098926931,0.069248851,0,5792,664.1111111,1502.57461,703.1764706,35.9,1656.428571,274,235,8007,98100000,2
80,101084659,8,7,335,11595,41.875,111.2069339,1656.428571,2121.983652,118.0198867,0.148390469,7220332.786,26200000.0,14400000.0,16800000.0,1,0,0,0,0,0,244,232,0.079141584,0.069248886,0,4355,746.0,1579.441969,795.7333333,41.875,1656.428571,0,235,17002,98100000,2
80,101084324,9,6,355,11595,39.44444444,118.3333333,1932.5,1754.831473,118.2181324,0.148390961,7220308.857,26200000.0,12600000.0,1791.4,0,0,0,0,1,0,312,200,0.089034577,0.059356384,0,4344,746.875,1390.572394,796.6666667,39.44444444,1932.5,251,235,5,98100000,2
80,101094022,8,7,392,11595,49.0,131.3533946,1656.428571,2121.983652,118.5727876,0.148376726,7221001.571,26200000.0,14400000.0,16800000.0,1,0,0,0,0,0,244,232,0.079134254,0.069242472,0,4355,749.5625,1578.473819,799.5333333,49.0,1656.428571,0,235,16976,98100000,2
80,101093232,7,6,386,11595,55.14285714,140.63123,1932.5,4061.030399,118.5143631,0.128594167,8424436.0,28200000.0,16800000.0,20200000.0,1,0,0,0,0,0,224,200,0.069243013,0.059351154,0,10136,856.2142857,2699.62562,922.0769231,55.14285714,1932.5,0,235,17000,98100000,2
80,101096094,8,7,352,11595,44.0,117.2153086,1656.428571,2429.118623,118.1746943,0.148373685,7221149.571,26200000.0,14400000.0,16800000.0,1,0,0,0,0,0,244,232,0.079132632,0.069241053,0,5792,747.0625,1747.227422,796.8666667,44.0,1656.428571,0,235,16991,98100000,2
80,113298367,7,6,351,11595,50.14285714,132.66553,1932.5,2537.820147,105.4384129,0.114741283,9441530.583,28000000.0,18900000.0,491.4,0,0,0,0,1,0,240,200,0.061783768,0.052957515,0,5792,853.2857143,1850.983997,918.9230769,50.14285714,1932.5,251,235,4,56600000,2
54870,120,1,0,10,0,5.0,0.0,0.0,0.0,500000.0,83333.3333,10.0,0.0,10.0,0.0,0,0,0,0,1,0,30,0,83333.3333,0.0,5,5,5.0,0.0,8.0,5.0,0.0,30,-1,0,0,5
54871,150,2,0,12,0,6.0,0.0,0.0,0.0,600000.0,120000.0,15.0,0.0,15.0,0.0,0,0,0,0,1,0,35,0,120000.0,0.0,6,6,6.0,0.0,9.0,6.0,0.0,33,-1,0,0,5
54872,95,1,0,8,0,4.0,0.0,0.0,0.0,400000.0,42105.26316,8.0,0.0,8.0,0.0,0,0,0,0,1,0,25,0,42105.26316,0.0,4,4,4.0,0.0,7.0,4.0,0.0,28,-1,0,0,5
54873,200,1,1,6,6,6.0,0.0,6.0,0.0,300000.0,150000.0,20.0,0.0,20.0,0.0,0,0,0,0,1,1,40,40,150000.0,150000.0,6,6,6.0,0.0,10.0,6.0,6.0,32,300,0,0,4
54874,180,2,1,12,6,6.0,0.0,6.0,0.0,400000.0,200000.0,18.0,0.0,18.0,0.0,0,0,0,0,1,1,38,38,200000.0,200000.0,6,6,6.0,0.0,9.0,6.0,6.0,31,256,0,0,4
54875,220,1,1,8,8,6.0,0.0,6.0,0.0,500000.0,250000.0,22.0,0.0,22.0,0.0,0,0,0,0,1,1,42,42,250000.0,250000.0,6,6,6.0,0.0,11.0,6.0,6.0,34,400,0,0,4
8153868,210,1,1,9,3,6.0,0.0,0.0,0.0,526752.0,190292.91711,11.0,0.0,22.0,0.0,0,0,0,0,1,0,42,32,86823.01499,155676.0,4,6,4.0,0.0,11.0,6.0,3.0,34,353,0,0,5
12664899,112,1,1,9,8,6.0,0.0,0.0,0.0,440509.0,42105.26316,16.0,0.0,15.0,0.0,0,0,0,0,1,0,42,42,175409.8482,250000.0,5,6,6.0,0.0,7.0,5.0,5.0,34,400,0,0,5
6707421,129,1,0,12,0,5.0,0.0,0.0,0.0,317937.0,42105.26316,22.0,0.0,15.0,0.0,0,0,0,0,1,1,42,24,42105.26316,0.0,5,4,6.0,0.0,8.0,6.0,6.0,34,81,0,0,5
10610983,210,1,0,12,8,6.0,0.0,0.0,0.0,306747.0,168129.69178,18.0,0.0,22.0,0.0,0,0,0,0,1,1,32,1,42105.26316,250000.0,6,6,6.0,0.0,7.0,6.0,3.0,34,-1,0,0,5
16608621,201,1,1,6,7,6.0,0.0,6.0,0.0,600000.0,136618.45336,12.0,0.0,15.0,0.0,0,0,0,0,1,1,42,42,42105.26316,250000.0,5,6,5.0,0.0,7.0,6.0,2.0,34,276,0,0,5
5296366,220,1,1,10,5,6.0,0.0,0.0,0.0,455809.0,130802.09501,17.0,0.0,15.0,0.0,0,0,0,0,1,0,42,42,141298.87025,0.0,6,5,5.0,0.0,9.0,6.0,6.0,32,400,0,0,4
13891627,95,2,1,6,7,6.0,0.0,0.0,0.0,578525.0,42105.26316,8.0,0.0,14.0,0.0,0,0,0,0,1,1,42,0,42105.26316,250000.0,5,4,4.0,0.0,7.0,6.0,6.0,31,302,0,0,5
3513285,135,1,1,6,6,6.0,0.0,3.0,0.0,300000.0,242893.03303,19.0,0.0,19.0,0.0,0,0,0,0,1,1,42,27,102182.225,209535.0,5,4,5.0,0.0,8.0,6.0,6.0,34,-1,0,0,4
11974554,108,1,0,9,0,6.0,0.0,0.0,0.0,300000.0,149462.71048,17.0,0.0,22.0,0.0,0,0,0,0,1,0,35,42,42105.26316,203615.0,6,4,6.0,0.0,7.0,6.0,6.0,34,238,0,0,5
10550542,95,2,1,7,8,6.0,0.0,0.0,0.0,401882.0,154039.68996,8.0,0.0,20.0,0.0,0,0,0,0,1,0,42,0,42105.26316,250000.0,4,5,4.0,0.0,9.0,4.0,0.0,34,135,0,0,4
11946754,102,1,1,11,5,5.0,0.0,2.0,0.0,370853.0,240536.92733,22.0,0.0,8.0,0.0,0,0,0,0,1,1,42,42,104664.19349,201025.0,4,6,6.0,0.0,9.0,6.0,3.0,34,393,0,0,4
14731854,201,1,1,10,6,6.0,0.0,0.0,0.0,387995.0,68972.82768,14.0,0.0,20.0,0.0,0,0,0,0,1,1,39,6,84284.94735,0.0,5,6,5.0,0.0,10.0,6.0,0.0,34,296,0,0,4
15278011,95,2,1,9,8,6.0,0.0,3.0,0.0,312491.0,226345.21507,15.0,0.0,20.0,0.0,0,0,0,0,1,0,42,23,42105.26316,0.0,5,6,5.0,0.0,9.0,5.0,6.0,34,90,0,0,4
10607404,95,1,1,10,0,6.0,0.0,5.0,0.0,428635.0,43953.98266,19.0,0.0,17.0,0.0,0,0,0,0,1,0,42,9,42105.26316,129462.0,5,4,5.0,0.0,8.0,6.0,0.0,34,-1,0,0,5
3822505,220,2,0,9,7,6.0,0.0,1.0,0.0,300000.0,188832.77598,14.0,0.0,16.0,0.0,0,0,0,0,1,1,42,22,115371.79357,0.0,6,5,4.0,0.0,8.0,6.0,2.0,34,99,0,0,5
13261089,160,1,1,7,0,5.0,0.0,1.0,0.0,300000.0,179278.49864,22.0,0.0,8.0,0.0,0,0,0,0,1,1,42,13,42105.26316,0.0,6,4,6.0,0.0,10.0,5.0,3.0,34,162,0,0,5
8711385,114,1,1,6,0,6.0,0.0,5.0,0.0,300000.0,250000.0,22.0,0.0,8.0,0.0,0,0,0,0,1,0,41,0,42105.26316,0.0,5,4,6.0,0.0,9.0,6.0,3.0,33,400,0,0,5
996161,166,1,1,6,4,6.0,0.0,0.0,0.0,433321.0,160581.69772,16.0,0.0,13.0,0.0,0,0,0,0,1,0,30,28,109919.01745,250000.0,6,5,6.0,0.0,10.0,6.0,6.0,34,400,0,0,4
8880415,220,1,1,7,6,5.0,0.0,0.0,0.0,510428.0,250000.0,8.0,0.0,22.0,0.0,0,0,0,0,1,0,42,42,42105.26316,250000.0,5,6,6.0,0.0,8.0,6.0,4.0,34,305,0,0,5
11941989,116,2,0,12,6,6.0,0.0,0.0,0.0,376087.0,250000.0,8.0,0.0,19.0,0.0,0,0,0,0,1,1,42,0,42105.26316,250000.0,6,4,6.0,0.0,9.0,6.0,6.0,34,256,0,0,5
2924034,135,1,1,7,8,6.0,0.0,0.0,0.0,419301.0,44559.37956,22.0,0.0,8.0,0.0,0,0,0,0,1,0,42,0,42105.26316,0.0,6,6,6.0,0.0,8.0,5.0,0.0,32,150,0,0,5
8974674,166,1,1,6,2,5.0,0.0,2.0,0.0,536555.0,78083.78682,8.0,0.0,13.0,0.0,0,0,0,0,1,1,25,1,99206.9991,250000.0,4,6,5.0,0.0,7.0,6.0,6.0,34,148,0,0,4
523362,190,1,0,12,3,6.0,0.0,3.0,0.0,443414.0,45309.20312,16.0,0.0,15.0,0.0,0,0,0,0,1,1,42,13,152698.37979,250000.0,4,5,6.0,0.0,8.0,6.0,0.0,32,111,0,0,5
8930194,185,1,1,6,7,6.0,0.0,0.0,0.0,300000.0,88088.95413,8.0,0.0,22.0,0.0,0,0,0,0,1,1,42,15,45729.19675,0.0,4,5,6.0,0.0,9.0,6.0,3.0,34,153,0,0,5
845126,95,2,1,11,5,5.0,0.0,0.0,0.0,600000.0,244100.07037,9.0,0.0,18.0,0.0,0,0,0,0,1,0,39,42,42105.26316,250000.0,5,4,4.0,0.0,10.0,4.0,0.0,34,-1,0,0,5
15088421,138,2,0,8,0,4.0,0.0,0.0,0.0,300000.0,127085.22449,8.0,0.0,22.0,0.0,0,0,0,0,1,0,42,25,250000.0,249873.0,4,4,5.0,0.0,10.0,6.0,2.0,34,-1,0,0,5
6988209,220,1,0,6,3,6.0,0.0,0.0,0.0,458356.0,116283.66851,8.0,0.0,8.0,0.0,0,0,0,0,1,0,37,0,42105.26316,0.0,4,6,6.0,0.0,8.0,5.0,3.0,34,205,0,0,5
6410205,199,2,0,6,0,5.0,0.0,0.0,0.0,453912.0,101714.12417,19.0,0.0,8.0,0.0,0,0,0,0,1,0,42,21,42105.26316,250000.0,5,6,6.0,0.0,11.0,6.0,6.0,34,136,0,0,4
1595056,209,2,0,7,8,6.0,0.0,0.0,0.0,317632.0,42105.26316,15.0,0.0,10.0,0.0,0,0,0,0,1,0,42,0,83008.13797,210705.0,5,6,6.0,0.0,10.0,6.0,6.0,34,180,0,0,5
6553114,95,1,1,9,0,4.0,0.0,3.0,0.0,588570.0,217311.17115,22.0,0.0,11.0,0.0,0,0,0,0,1,0,31,0,187953.02643,234776.0,6,5,6.0,0.0,8.0,6.0,6.0,34,-1,0,0,5
80,99424992,9,6,360,11595,40.08833706234078,120.26501120696888,1932.5,1826.4851710988364,120.2524624278442,0.15087045633101018,7101785.183288173,26166488.528160084,12433511.471839916,24724.387786616804,0,0,0,0,1,0,305,200,0.09052227416509465,0.060348182165915545,0,4345,747.2371895971511,1422.1207075623993,797.0530022147983,40.08833706234078,1932.5,270,235,960,97982709,2
80,100525710,8,6,416,11595,52.03586322622594,139.93826072682248,1873.879238282459,3718.216753480242,119.4858412484256,0.14137241689209876,7615000.693257161,26808894.80038955,14321233.911067829,19399280.934761688,1,0,0,0,0,0,244,206,0.07958196456346774,0.06179045232863102,0,9222,790.5717794514809,2429.0157929188886,846.2854293525332,52.03586322622594,1873.879238282459,0,235,9917,97506169,2
80,99581611,9,6,366,11595,40.03633182133801,120.41560585799331,1932.5,1897.1983629735812,120.12861934421312,0.15243579282214292,7025368.570019928,26036357.52951361,12181810.03935148,24390.318690181877,0,0,0,0,1,0,306,200,0.09218030455506702,0.06025548826707592,0,4607,739.6263703000487,1446.9131917859322,788.4019319321142,40.03633182133801,1932.5,274,235,995,98118182,2
80,101115128,10,5,354,11595,34.9295069403333,107.86542038464304,2003.385843058352,2516.8771069724926,118.17879752605921,0.15823574905239488,6741008.538189228,25281659.549014658,10998255.039161222,1566.9857192521272,0,0,0,0,1,0,330,194,0.10071623757434996,0.05751951166144942,0,5792,702.9214011725,1687.0763115329348,746.8539887253664,34.9295069403333,2003.385843058352,274,235,827,98126638,2
80,100909565,10,5,333,11595,31.28902359007978,102.08812618508189,2117.417782320134,2331.475512165884,118.20735837184823,0.16156779695947118,6599161.686044898,24987030.429928325,10434666.467255492,1577.617927537017,0,0,0,0,1,0,366,187,0.10599886540262507,0.05556893225260389,0,5792,689.7768417007788,1586.2078685304243,732.1450610274147,31.28902359007978,2117.417782320134,274,235,2441,97891272,2
80,99412382,9,7,853,11595,94.87139085589209,155.40472616891978,1656.428571,1931.7490850485083,125.2245961364482,0.16094575794994623,6627492.14877233,25300000.0,12400000.0,16600000.0,1,0,0,0,0,0,262,232,0.09053198876887199,0.07041376865631782,0,5032,732.6377951704635,1431.738900273148,778.4276573665755,94.87139085589209,1656.428571,0,235,17479,97995048,2
80,99898877,9,6,343,11595,38.17484842224999,114.52454526266666,1932.5,1997.7527050616497,119.51195806403004,0.15015701467286885,7135634.098091287,26086389.003728423,12513610.996271577,13327.827450480047,0,0,0,0,1,0,308,200,0.09009420909011032,0.06006280558275853,0,4350,746.1608522376007,1498.1026106097763,795.9049090579776,38.17484842224999,1932.5,260,235,886,97702361,2
80,101011397,10,6,348,11595,33.969945060984166,108.7382186583718,1849.388678587458,2208.9448200088873,118.23636813028354,0.1654098224654909,6435568.606283059,24703860.39813863,10879647.945782155,792.6301465543004,0,0,0,0,1,0,353,213,0.1018870896971508,0.06352273305956926,0,5792,674.854230497208,1537.5816821128296,715.3020956434224,33.969945060984166,1849.388678587458,274,235,5677,98012631,2
80,100568440,11,6,353,11595,32.10949978411959,106.4951629731909,1913.6037532060063,2237.5349015876404,118.80773801398402,0.17128456284679439,6222755.537831318,24221035.368444193,10038814.710527763,972.7453701598317,0,0,0,0,1,0,376,207,0.10937872964102978,0.06190583359391171,0,5792,657.4940388810834,1527.7248499168397,695.9110071917993,32.10949978411959,1913.6037532060063,259,235,2475,97555258,2
80,100496048,10,7,371,11595,34.186810505171344,112.61187907153838,1656.428571,2119.654779563689,119.07059874222915,0.1777325408104388,5963373.077517638,23725544.474586837,10167392.63278245,216.31342018847656,0,0,0,0,1,0,371,232,0.10807767547769798,0.06965486533274083,0,5792,634.6677109486224,1472.3275593290653,670.2297714863635,34.186810505171344,1656.428571,254,235,4594,97497645,2
80,100972707,8,7,367,11595,45.99161475627468,122.84678941986857,1656.428571,2339.3907848443305,118.4768477878694,0.14855508289719788,7212336.259199584,26129214.46485352,14400000.0,16800000.0,1,0,0,0,0,0,244,232,0.0792293777256959,0.069325705171502,0,5372,748.0583073781373,1697.8604760643377,797.9288612172035,45.99161475627468,1656.428571,0,235,16988,97958428,2
80,100697133,8,6,361,11595,41.8552205486038,121.27768564917903,1932.5,2537.820147,118.73746364856316,0.14627449369326087,7365749.36376186,26377184.866400722,13164278.285789555,664.7909198600018,0,0,0,0,1,0,294,200,0.08668909267612296,0.0595854010171379,0,5792,762.733533483901,1762.0396455982298,814.9137708436043,41.8552205486038,1932.5,259,235,539,97693089,2
80,100760473,9,6,341,11595,36.15165066465937,109.2240201012325,1932.5,2344.5336134285044,118.46884351306807,0.1533776240068278,6977441.088609878,25680751.011048075,11961502.02209615,1216.8212857562594,0,0,0,0,1,0,315,200,0.09382960587554416,0.05954801813128363,0,5010,726.006026550398,1635.4479219974678,773.0698526405201,36.15165066465937,1932.5,261,235,899,97764855,2
80,103178709,8,6,330,11595,39.12546746087215,113.56047406327359,1932.5,2258.806422039696,115.86154197215708,0.14194470135593193,7659660.323112522,26429648.077213973,13953391.443224015,919.3208989591925,0,0,0,0,1,0,296,200,0.08364994804730715,0.058294753308624776,0,4663,768.2623744693683,1638.2536646400713,821.3599305619703,39.12546746087215,1932.5,251,235,633,88635179,2
80,101098826,9,6,358,11595,39.79942005316969,118.95223159243498,1932.5,1839.3441071453456,118.23276631178798,0.14836968675687992,7221344.750404999,26200000.0,12600000.0,1617.7636790350905,0,0,0,0,1,0,309,200,0.08902181245412796,0.05934787430275197,0,4344,747.0746737821584,1427.8302825752578,796.879652054324,39.79942005316969,1932.5,251,235,5,98100000,2
80,100167703,8,7,561,11595,70.2259563590942,144.55110145965227,1656.428571,2270.5357306944034,121.39271803254336,0.14976101186543972,7154835.991784814,26148576.55615864,14297153.112317277,16645729.668475917,1,0,0,0,0,0,239,232,0.07987253976441473,0.06988847210102497,0,5792,760.1754781795471,1655.474993198064,810.8538434248503,70.2259563590942,1656.428571,0,235,16997,97997153,2
80,100323869,11,5,583,11595,50.0503209538943,116.68786814980939,2161.4682308651795,2710.1838170179467,121.41328593296691,0.16767523445117494,6369913.332479979,24629380.39640686,9670745.993315633,42500.9424066015,0,0,0,0,1,0,385,181,0.11374189186436498,0.053933342771639116,0,6382,684.6751308811042,1725.6758236509775,725.5965452080612,50.0503209538943,2161.4682308651795,264,235,2458,97922275,2
80,99257579,8,7,411,12975,51.49561620686995,132.79933552484238,1631.5851991257798,1971.9839357903675,134.87950483927955,0.1607296580987727,6639167.083500352,25341805.371448,14200000.0,14311480.990527995,1,0,0,0,0,0,224,262,0.08059839178105686,0.08013126631771586,0,5792,789.9479095011869,1538.382824092455,839.4671944338344,51.49561620686995,1631.5851991257798,0,235,184520,97909290,2
80,100816235,10,7,364,11595,35.11865747823328,113.10896630810642,1656.428571,2120.24084399577,118.62819942597048,0.17253437867094876,6156151.726038444,24146790.366711296,10729053.822281726,222.3980830747187,0,0,0,0,1,0,356,232,0.10310035477351114,0.06943402389743765,0,5792,650.6827188566976,1488.7796930228808,688.1503120535907,35.11865747823328,1656.428571,264,235,6450,97825281,2
12429782,187,1,1,8,4,5.600139028284745,0.0,0.799721943430511,0.0,447398.3459580183,72615.94465497839,11.600834169708467,0.0,17.20097319799321,0.0,0,0,0,0,1,1,33,4,90251.69346274032,99965.24292881387,4,6,5.0,0.0,8.800417084854233,6.0,2.399165830291533,34,236,0,0,4
8855001,167,1,0,6,1,5.0,0.0,1.9066686735727691,0.0,532698.4095950372,79186.51218439921,8.51332229534977,0.0,12.766671683931923,0.0,0,0,0,0,1,0,25,1,96542.30872171116,250000.0,4,6,5.0466656632136155,0.0,7.186662652854462,6.0,6.0,34,147,0,0,4
14622117,198,1,1,9,6,6.0,0.0,0.0,0.0,388359.4571098487,71205.36334432365,13.842533113048756,0.0,20.0,0.0,0,0,0,0,1,0,39,5,83177.96342300234,6561.120289635204,4,5,4.973755518841459,0.0,9.97375551884146,5.9475110376829186,0.0,34,291,0,0,4
1274943,220,1,1,8,7,6.0,0.0,4.603371957418174,0.0,489713.60169504443,222254.14387899364,20.83614329784848,0.0,20.370600616987872,0.0,0,0,0,0,1,0,42,42,224697.49232180408,191807.16489242396,6,5,5.767228659569696,0.0,10.534457319139392,6.0,6.0,33,400,0,0,4
14849671,95,2,1,8,8,6.0,0.0,2.7281806964015374,0.0,320590.3997893234,219793.86924275957,14.365754958270255,0.0,20.0,0.0,0,0,0,0,1,0,42,20,42105.26316,22651.6086332052,4,5,4.909393565467179,0.0,9.0,4.909393565467179,5.456361392803075,34,94,0,0,4
636952,171,1,1,8,4,6.0,0.0,2.2896839440014762,0.0,420605.2402169878,175624.27335838546,16.763227981333827,0.0,14.908069953334564,0.0,0,0,0,0,1,0,33,31,144295.18068410203,230919.30046665436,6,5,6.0,0.0,9.618386009333086,6.0,6.0,32,345,0,0,4
4195245,167,1,1,7,5,6.0,0.0,1.8526140261985118,0.0,359591.02039734536,200022.50967186666,18.235076017465673,0.0,17.47015203493135,0.0,0,0,0,0,1,0,42,32,117142.8550340062,129395.82665983506,5,4,5.0,0.0,8.382461991267164,6.0,6.0,33,152,0,0,4
9071216,166,1,1,6,2,5.016769114193211,0.0,1.9664617716135764,0.0,534063.7803954565,77931.00410577164,8.100614685159272,0.0,13.117383799352483,0.0,0,0,0,0,1,1,25,1,98956.76951020723,245807.72145169706,4,6,5.0,0.0,7.050307342579636,6.0,5.899385314840729,34,150,0,0,4
5058030,169,1,0,6,2,5.46676289324798,0.0,1.4002886797439398,0.0,382071.5895744169,167611.20013508646,19.0,0.0,13.134391825727779,0.0,0,0,0,0,1,0,42,23,70146.95968598689,231112.43952472048,5,5,5.53323710675202,0.0,9.59971132025606,6.0,6.0,34,72,0,0,4
1598445,173,1,1,6,4,6.0,0.0,0.0,0.0,436470.6601333136,156410.77867688343,16.14005959326368,0.0,13.280119186527358,0.0,0,0,0,0,1,0,31,29,114314.06686984214,214985.10168408015,6,5,5.859940406736321,0.0,9.859940406736321,6.0,6.0,33,400,0,0,4
5484081,178,1,0,6,1,5.31969246141222,0.0,0.9590773842366609,0.0,404707.49387912237,146847.9570429449,19.0,0.0,11.516617075534423,0.0,0,0,0,0,1,0,42,22,61311.41496479764,237063.6445489545,5,5,5.68030753858778,0.0,10.040922615763339,6.0,6.0,34,92,0,0,4
54874,201,1,1,9,7,6.0,0.0,6.0,0.0,454950.0748030457,227475.03740152286,20.19800299212183,0.0,20.19800299212183,0.0,0,0,0,0,1,1,40,40,227475.03740152286,227475.03740152286,6,6,6.0,0.0,10.099001496060914,6.0,6.0,32,335,0,0,4
54874,219,1,1,8,7,6.0,0.0,6.0,0.0,498673.50388401333,249336.75194200667,21.946940155360533,0.0,21.946940155360533,0.0,0,0,0,0,1,1,41,41,249336.75194200667,249336.75194200667,6,6,6.0,0.0,10.973470077680266,6.0,6.0,33,398,0,0,4
254763,196,1,1,6,6,6.0,0.0,5.826605267054559,0.0,300000.0,155369.054218243,19.942201755684852,0.0,19.942201755684852,0.0,0,0,0,0,1,1,40,39,147236.21655794326,153441.0184753023,5,5,5.942201755684852,0.0,9.884403511369705,6.0,6.0,32,282,0,0,4
10648811,129,1,1,8,3,5.0,0.0,2.0,0.0,443217.01572655846,169591.72682128887,15.886035049837549,0.0,10.183558910772303,0.0,0,0,0,0,1,1,34,24,102280.97240237978,222412.95953101473,4,6,5.563288217845539,0.0,8.126576435691078,6.0,4.310135346463382,34,286,0,0,4
14942351,160,1,1,9,6,6.0,0.0,1.1562495076197483,0.0,358894.5123922262,129626.7428242106,14.385416502539917,0.0,20.0,0.0,0,0,0,0,1,0,40,12,68028.200991252,0.0,5,6,5.0,0.0,9.614583497460083,5.6145834974600834,2.3124990152394966,34,216,0,0,4
14598988,200,1,0,9,5,5.984033747779786,0.0,0.0,0.0,389047.44744759984,69495.58347777616,14.07983126110107,0.0,19.80840497335743,0.0,0,0,0,0,1,0,39,6,83611.49587365348,3991.5630550535484,5,6,5.015966252220214,0.0,10.015966252220213,6.0,0.09579751332128517,34,293,0,0,4
2714759,150,1,1,6,6,6.0,0.0,3.692681476866447,0.0,300000.0,221444.60526005866,19.23089382562215,0.0,19.23089382562215,0.0,0,0,0,0,1,1,41,30,113223.05400248917,195788.73609158536,5,4,5.230893825622149,0.0,8.461787651244299,6.0,6.0,33,68,0,0,4
281747,191,1,1,6,5,6.0,0.0,4.5538472038439295,0.0,332133.7561560539,152550.4586243094,19.035898135895952,0.0,18.312821737817917,0.0,0,0,0,0,1,0,37,37,140339.4625021058,174102.54660260119,6,5,6.0,0.0,10.0,6.0,6.0,32,324,0,0,4
1793425,156,1,1,6,4,6.0,0.0,0.9502094435236255,0.0,391093.3755933289,186652.7004268672,16.950209443523626,0.0,14.900418887047252,0.0,0,0,0,0,1,0,33,27,107468.49303380924,237183.25828927217,5,4,5.683263518825458,0.0,9.366527037650917,6.0,6.0,34,272,0,0,4
10787632,126,1,1,9,3,5.0,0.0,2.0,0.0,435477.33381210413,177179.6595773905,16.539953208956693,0.0,9.950016711086896,0.0,0,0,0,0,1,1,35,26,102535.86943877007,220125.41368509614,4,6,5.609996657782621,0.0,8.219993315565242,6.0,4.170010026652138,34,297,0,0,4
54874,216,1,1,7,7,6.0,0.0,6.0,0.0,466638.9823472329,233319.49117361644,21.66638982347233,0.0,21.66638982347233,0.0,0,0,0,0,1,1,41,41,233319.49117361644,233319.49117361644,6,6,6.0,0.0,10.833194911736165,6.0,6.0,33,383,0,0,4
2913718,146,1,1,6,6,6.0,0.0,3.520093960523316,0.0,300000.0,226788.66454546803,19.17336465350777,0.0,19.17336465350777,0.0,0,0,0,0,1,1,41,29,110472.1369943876,199213.73535341478,5,4,5.173364653507772,0.0,8.346729307015543,6.0,6.0,33,51,0,0,4
12813024,122,1,1,7,5,5.608939392426759,0.0,2.608939392426759,0.0,400113.6039752906,168366.01085887855,12.262575746987315,0.0,17.262575746987316,0.0,0,0,0,0,1,0,35,14,64435.502710183166,97765.1518933102,4,6,5.0,0.0,8.217878784853518,5.391060607573241,6.0,34,112,0,0,4
11412057,95,2,1,7,8,6.0,0.0,0.546708263364187,0.0,385591.7338765373,167216.3659815079,9.275652614516437,0.0,20.0,0.0,0,0,0,0,1,0,42,4,42105.26316,204440.97805298443,4,5,4.182236087788063,0.0,9.0,4.182236087788063,1.093416526728374,34,126,0,0,4
11573452,120,1,1,7,7,6.0,0.0,0.0,0.0,398484.70390508126,133229.0527431183,9.467831538094085,0.0,20.0,0.0,0,0,0,0,1,0,41,1,52424.041613488414,188840.35257941313,4,5,4.2446385896823475,0.0,9.244638589682348,4.489277179364695,0.0,34,174,0,0,4
54873,208,1,1,6,6,6.0,0.0,6.0,0.0,385031.1748982489,192515.58744912446,20.850311748982488,0.0,20.850311748982488,0.0,0,0,0,0,1,1,40,40,192515.58744912446,192515.58744912446,6,6,6.0,0.0,10.425155874491244,6.0,6.0,32,342,0,0,4
5284399,192,1,0,6,0,5.207941662868189,0.0,0.0,0.0,449630.2732198811,113955.14530300241,18.376175011395432,0.0,9.039708314340944,0.0,0,0,0,0,1,0,39,22,56206.56799239737,250000.0,5,5,6.0,0.0,10.792058337131811,6.0,6.0,34,190,0,0,4
4525540,183,1,1,8,5,6.0,0.0,1.2968990165400256,0.0,388452.82037730503,179258.97077039565,17.864599344360016,0.0,16.729198688720032,0.0,0,0,0,0,1,0,42,35,124388.75733164331,90581.91181023809,5,4,5.0,0.0,8.567700327819992,6.0,6.0,32,226,0,0,4
11853688,104,1,1,10,4,5.0,0.0,2.0,0.0,376041.67518647097,235449.98463088644,21.56161390562218,0.0,8.156566462277793,0.0,0,0,0,0,1,1,41,40,104493.3107660791,202558.56849801098,4,6,5.968686707544442,0.0,8.937373415088883,6.0,3.093939877366676,34,385,0,0,4
54873,203,1,1,6,6,6.0,0.0,6.0,0.0,331543.0450810003,165771.52254050015,20.315430450810002,0.0,20.315430450810002,0.0,0,0,0,0,1,1,40,40,165771.52254050015,165771.52254050015,6,6,6.0,0.0,10.157715225405001,6.0,6.0,32,315,0,0,4
5107303,170,1,0,6,2,5.449754133369765,0.0,1.349262400109297,0.0,384689.44182479265,165209.92197441842,19.0,0.0,12.947295467067423,0.0,0,0,0,0,1,0,42,23,69125.12506783768,231800.69899319243,5,5,5.550245866630235,0.0,9.650737599890704,6.0,6.0,34,74,0,0,4
2518642,147,1,1,6,5,6.0,0.0,1.8145492919945567,0.0,352681.8246139979,210367.689456629,17.814549291994556,0.0,16.629098583989112,0.0,0,0,0,0,1,0,37,27,105239.42036251456,225524.75429981342,5,4,5.395150236001815,0.0,8.79030047200363,6.0,6.0,34,157,0,0,4
9436967,160,1,1,6,2,5.073341134206206,0.0,2.073341134206206,0.0,520121.8921052207,88957.448126887,8.51338793944344,0.0,13.51338793944344,0.0,0,0,0,0,1,0,26,2,95019.09302101714,231664.71644844854,4,6,5.0,0.0,7.146682268412412,5.926658865793794,6.0,34,143,0,0,4
998079,167,1,1,10,6,6.0,0.0,5.181815987569262,0.0,372727.1995856421,211698.13128993651,18.27272800414358,0.0,18.27272800414358,0.0,0,0,0,0,1,1,39,34,173322.3534544843,202600.46151950903,5,5,5.727271995856421,0.0,8.727271995856421,6.0,6.0,31,185,0,0,4
1818104,155,1,1,6,4,6.0,0.0,0.9796223064175061,0.0,389786.25816203724,187459.7044335623,16.979622306417507,0.0,14.959244612835013,0.0,0,0,0,0,1,0,33,27,107392.63929528582,236786.52779027188,5,4,5.6734592311941645,0.0,9.346918462388329,6.0,6.0,34,269,0,0,4
9651597,135,1,1,6,4,5.429556025594601,0.0,1.1408879488107988,0.0,478705.40136509837,110711.10269326685,8.0,0.0,16.006892179162204,0.0,0,0,0,0,1,0,32,0,74678.60435506124,250000.0,4,5,4.570443974405399,0.0,7.859112051189201,5.140887948810799,3.422663846432396,34,142,0,0,4
8566634,144,2,0,6,4,5.520834260025824,0.0,0.0,0.0,426812.9934508564,128967.0715086672,13.27082313971594,0.0,14.250011120309884,0.0,0,0,0,0,1,0,42,10,42105.26316,250000.0,4,5,4.958331479948352,0.0,9.958331479948352,4.958331479948352,2.874994439845058,34,135,0,0,4
15086997,138,1,0,7,0,4.000778765841014,0.0,0.0007787658410143283,0.0,300000.0,127125.87082903871,8.010902721774201,0.0,21.9890972782258,0.0,0,0,0,0,1,0,42,24,249838.09868042235,249678.40744300824,4,4,5.000778765841014,0.0,10.0,5.999221234158986,2.000778765841014,34,0,0,0,5
11931594,115,1,0,11,5,6.0,0.0,0.03894220354391287,0.0,376496.2669823651,248395.22281066663,8.085672847796607,0.0,18.984423118582434,0.0,0,0,0,0,1,0,42,0,42105.26316,249061.19693384477,5,4,5.992211559291217,0.0,8.992211559291217,6.0,5.953269355747305,34,253,0,0,5
8450827,200,1,1,7,4,6.0,0.0,0.0,0.0,440015.16727110394,151198.01148082566,9.852444528883149,0.0,22.0,0.0,0,0,0,0,1,0,42,25,71103.86967320219,96127.0514928044,4,5,4.765036980744567,0.0,10.234963019255433,6.0,3.0,34,276,0,0,5
996930,164,1,0,7,4,5.223306320976562,0.0,0.0,0.0,349619.35247690126,42105.26316,12.281572123417966,0.0,9.223306320976562,0.0,0,0,0,0,1,0,35,0,67123.635810593,128878.37918068323,4,5,5.223306320976562,0.0,8.834959481464843,5.223306320976562,3.6699189629296853,31,109,0,0,5
6985134,219,1,0,6,2,5.985867389560565,0.0,0.021198915659152218,0.0,459276.1318678803,116997.55967924005,8.098928273076044,0.0,8.021198915659152,0.0,0,0,0,0,1,0,36,0,43135.86797087891,1658.9988742643736,4,5,6.0,0.0,8.0,5.007066305219717,3.021198915659152,34,203,0,0,5
8881563,219,1,1,6,6,5.023062425041416,0.0,0.0,0.0,505575.02002338495,246265.93864124588,8.0,0.0,22.0,0.0,0,0,0,0,1,0,42,41,42188.839856774444,244234.39373964607,4,5,6.0,0.0,8.023062425041417,6.0,3.9769375749585842,34,301,0,0,5
12948223,134,1,1,8,4,5.524774660258389,0.0,0.47522533974161085,0.0,373735.562738246,107293.46059443899,18.851352038449665,0.0,11.673422621808724,0.0,0,0,0,0,1,0,42,28,112060.13148525155,131193.6650645973,5,5,6.0,0.0,8.425676019224833,5.0,4.049549320516778,34,286,0,0,5
12903292,131,1,1,8,4,5.600139028284745,0.0,0.3998609717152555,0.0,384324.9347252612,96955.48639235836,18.399165830291533,0.0,12.20097319799321,0.0,0,0,0,0,1,0,42,30,122106.5472918067,150034.75707118615,5,5,6.0,0.0,8.199582915145767,5.0,4.2002780565694895,34,304,0,0,5
15003147,139,1,0,7,0,4.0466656632136155,0.0,0.04666566321361543,0.0,300000.0,129520.8582434998,8.653319284990616,0.0,21.346680715009384,0.0,0,0,0,0,1,0,42,24,240298.45422674136,238212.51073582427,4,4,5.0466656632136155,0.0,10.0,5.9533343367863845,2.0466656632136155,34,6,0,0,5
899685,96,1,1,10,5,5.026244481158541,0.0,0.0,0.0,595257.6484991328,238863.22846967474,9.341178255061031,0.0,17.73755518841459,0.0,0,0,0,0,1,0,39,40,42105.26316,243438.8797103648,5,4,4.0524889623170814,0.0,9.947511037682919,4.026244481158541,0.0,33,2,0,0,5
414310,173,1,0,11,2,5.767228659569696,0.0,2.301685978709087,0.0,456585.59906958917,54160.130870694986,14.603371957418174,0.0,13.836143297848478,0.0,0,0,0,0,1,0,39,9,136552.18493951234,191807.16489242396,4,5,5.767228659569696,0.0,8.0,5.767228659569696,0.0,31,84,0,0,5
9036891,208,1,1,7,5,5.090606434532821,0.0,0.453032172664104,0.0,503017.027900257,231330.90501913484,8.996670779861029,0.0,21.546967827335894,0.0,0,0,0,0,1,0,42,39,42105.26316,239078.48159428284,5,5,5.909393565467179,0.0,8.0,6.0,3.637574261868717,34,277,0,0,5
9948360,142,1,1,8,2,5.618386009333087,0.0,3.0919300466654365,0.0,459848.3531386188,122584.02559814129,14.802246102663961,0.0,18.908069953334564,0.0,0,0,0,0,1,0,42,21,42105.26316,175460.98720700832,5,4,5.381613990666913,0.0,8.0,6.0,1.5264559626676508,34,115,0,0,5
344182,153,1,0,10,1,5.2350760174656745,0.0,1.8526140261985118,0.0,426809.7951111274,44083.81786299797,12.940304069862698,0.0,12.322766061129862,0.0,0,0,0,0,1,0,35,8,110400.71618324865,154384.50218320932,4,4,5.2350760174656745,0.0,7.617538008732837,5.2350760174656745,0.0,30,68,0,0,5
6980912,217,1,0,6,2,5.966461771613576,0.0,0.05030734257963543,0.0,460539.57343555486,117977.81023842517,8.234767598704966,0.0,8.050307342579636,0.0,0,0,0,0,1,0,36,0,44551.00095709917,3936.985553825507,4,5,6.0,0.0,8.0,5.016769114193211,3.0503073425796354,34,201,0,0,5
476264,95,1,0,9,2,4.53323710675202,0.0,0.0,0.0,506647.42135040404,149816.38973559247,8.53323710675202,0.0,13.332371067520201,0.0,0,0,0,0,1,0,32,22,42105.26316,133309.27668800502,4,4,4.0,0.0,8.59971132025606,4.0,0.0,31,-1,0,0,5
13004336,115,1,0,8,6,5.719880813472641,0.0,0.0,0.0,420829.36661011365,54007.521979443016,14.879523253890564,0.0,15.980417152845757,0.0,0,0,0,0,1,0,42,39,185856.91452258412,249982.2124316555,4,5,5.859940406736321,0.0,7.420178779791039,5.140059593263679,4.579821220208961,34,343,0,0,5
13499451,100,1,1,6,7,6.0,0.0,0.0,0.0,534402.325245731,42105.26316,10.557539691297762,0.0,14.31969246141222,0.0,0,0,0,0,1,0,42,13,84721.73406897225,250000.0,5,4,4.639384922824441,0.0,7.0,5.68030753858778,5.68030753858778,31,333,0,0,5
265925,151,1,0,10,1,5.450499251969543,0.0,1.351497755908629,0.0,474508.04932805145,66203.49109711748,12.702995511817258,0.0,12.252496259847714,0.0,0,0,0,0,1,0,35,5,114582.23485657758,112624.81299238575,4,5,5.450499251969543,0.0,8.0,5.450499251969543,0.0,30,49,0,0,5
12655741,111,1,0,9,7,6.0,0.0,0.0,0.0,438645.15357238834,43529.35552892222,16.013264961159866,0.0,15.092854728119066,0.0,0,0,0,0,1,0,41,42,173641.56805701228,249384.7047765996,5,5,6.0,0.0,7.0,5.013264961159867,5.013264961159867,34,397,0,0,5
11895535,107,1,0,9,0,6.0,0.0,0.28899122157573665,0.0,307434.87715747894,143364.49125207926,17.115596488630295,0.0,21.711008778424265,0.0,0,0,0,0,1,0,35,40,42105.26316,199329.0867892989,5,4,5.942201755684852,0.0,7.057798244315148,6.0,5.653210534109117,34,224,0,0,5
54871,105,1,0,8,0,4.436711782154461,0.0,0.0,0.0,443671.17821544607,60110.04714562851,8.873423564308922,0.0,8.873423564308922,0.0,0,0,0,0,1,0,27,0,60110.04714562851,0.0,4,4,4.436711782154461,0.0,7.436711782154461,4.436711782154461,0.0,28,-1,0,0,5
342798,153,1,0,10,1,5.229166994920168,0.0,1.8437504923802517,0.0,426681.5279587321,44074.35178626892,12.916667979680671,0.0,12.302084482220588,0.0,0,0,0,0,1,0,35,7,110073.96757347637,153645.87436502098,4,4,5.229166994920168,0.0,7.6145834974600834,5.229166994920168,0.0,30,67,0,0,5
7006820,219,1,0,6,3,6.0,0.0,0.0,0.0,459448.0277868538,117465.31883977614,8.047898756660643,0.0,8.223527531082999,0.0,0,0,0,0,1,0,37,0,42819.23806443873,2485.562280634065,4,6,5.968067495559572,0.0,8.047898756660643,5.015966252220214,3.0,34,207,0,0,5
7209151,150,1,0,10,1,5.0,0.0,0.0,0.0,362381.9833878331,90106.87427569751,18.767486441289915,0.0,16.616256779355044,0.0,0,0,0,0,1,0,42,28,42105.26316,57723.45640553725,5,4,6.0,0.0,8.0,6.0,5.538212348755702,34,132,0,0,5
15801780,191,1,1,6,5,5.758974533973988,0.0,4.7948726698699415,0.0,527692.3601921964,146900.61065430279,14.410254660260117,0.0,13.312821737817918,0.0,0,0,0,0,1,1,42,35,42105.26316,189743.63349349707,5,5,5.241025466026012,0.0,7.723076398078035,5.758974533973988,2.2410254660260116,34,248,0,0,5
